Reviewer Name,Reviewer Profile URL,Review,Time
Govindarajan,https://www.twitter.com/GovindaVijayan,@shreyas902 @bbmpcomm @blrairport @cmofkarnataka @karnatakavarthe @blrcitypolice @blrcitytraffic @dhfwka… https://t.co/stg1e09rdo,2020-03-13 09:27:04
Shravan Kumar,https://www.twitter.com/Shravan16752157,@bsybjp @harimarar @blrairport i am an employee of ienergizer noida my company has not paid the salary.i belong to… https://t.co/gakokdbqe4,2020-05-07 02:17:22
Govindarajan,https://www.twitter.com/GovindaVijayan,@gajendrapujari @bbmpcomm @blrairport @cmofkarnataka @karnatakavarthe @blrcitypolice @blrcitytraffic @dhfwka… https://t.co/av1lqw6uyy,2020-03-13 09:27:04
Govindarajan,https://www.twitter.com/GovindaVijayan,@ima_indian @bbmpcomm @blrairport @cmofkarnataka @karnatakavarthe @blrcitypolice @blrcitytraffic @dhfwka… https://t.co/ndkncvctft,2020-03-13 09:27:04
snobfielder,https://www.twitter.com/snobfielder,"  in all, 326 passengers landed from london at @blrairport early this morning. they have been screened &amp; shifted to hotels of t…",2014-11-23 10:42:31
Pradeep,https://www.twitter.com/PradeepVSahukar,  #blrairport is delighted to be named the best regional airport in india &amp; central asia for the third time in 4 years at the…,2011-10-31 09:05:24
Chetan C Kurdekar,https://www.twitter.com/CHETANKURDEKAR,@blrairport @bsybjp @moca_goi @hardeepspuri @airindiain hope govt would have shown 1% concern on migrants who r walking towards there native,2015-02-07 06:04:42
INDIAN VENKATAGIRI GR,https://www.twitter.com/VENKATAGIRIGR,"  thank you to staff at @airindiain! 🌟

also, thx to @blrairport staff cleaning chairs, distributing sandwiches and water b…",2011-09-18 08:34:52
Aishwarya S,https://www.twitter.com/aishwarya_sri14,"  here's the list of 85 #karnataka people stranded in #malaysia more than 2 months.
still there are so many people, we r…",2020-03-31 04:08:47
Bhargav Ram{BR},https://www.twitter.com/bhargav_ram666,"here's the list of 85 #karnataka people stranded in #malaysia more than 2 months.
still there are so many people, w… https://t.co/yzajsealnq",2015-09-20 13:43:50
Varun Dhawan,https://www.twitter.com/iVarund,  let us get back to our families. please arrange for flights between bangalore and usa in phase 2. #flightsfrombengaluru…,2009-10-22 04:41:15
Guru Prasad,https://www.twitter.com/PunyaSugu,"  thank you shri @harimarar, md &amp; ceo @blrairport for contributing rs 1crore to cm relief fund and supporting our fight against c…",2013-04-26 05:02:27
Swathy R Iyer,https://www.twitter.com/swathyriyerTOI,"@bgmahesh @cmofkarnataka @drashwathcn @dhfwka @meaindia @blrairport hi, please dm.",2015-09-17 07:29:27
GuruG,https://www.twitter.com/gurugudi,@suraksha_pinnu @deccanherald @goingmeghana @airindiain @blrairport coming to airport in uk without mask is fine as… https://t.co/eweocrj4d5,2008-11-23 05:13:39
SAIYED JAMAL,https://www.twitter.com/DrSAIYEDJAMAL1,"  while @goingmeghana lauds @airindiain for their efforts, she points out that one-third of the flight passengers didn't…",2018-11-04 06:09:42
Dhananjaya Gowda,https://www.twitter.com/dhananjaya12322,@ima_indian @bbmpcomm @blrairport @cmofkarnataka @karnatakavarthe @blrcitypolice @blrcitytraffic @dhfwka… https://t.co/y1m1cruyby,2014-09-21 17:02:42
Preetham Daniel,https://www.twitter.com/preethamdnl,@blrairport its a privilege to have supplied our 1st lot of face shields. i hope we can keep people safe #covid19 https://t.co/3kvuvzijlw,2009-08-10 13:22:20
Sneha G,https://www.twitter.com/SnehaG86584668,  let us get back to our families. please arrange for flights between bangalore and usa in phase 2. #flightsfrombengaluru…,2020-04-11 12:20:40
INDIAN VENKATAGIRI GR,https://www.twitter.com/VENKATAGIRIGR,"  glad to have you back safe and sound, amit! the staff at #blrairport remain committed to ensuring efficient processing for…",2011-09-18 08:34:52
Abba Dabba Jabba,https://www.twitter.com/cadeely,"  in all, 326 passengers landed from london at @blrairport early this morning. they have been screened &amp; shifted to hotels of t…",2012-05-02 14:24:27
