Reviewer Name,Reviewer Profile URL,Review,Time
Karnataka Fights Corona,https://www.twitter.com/karnataka_team,"  as part of #nammachethana initiative, we are working with hms host, satis dining, taj bangalore, tfs &amp; multiple government…",2020-03-29 15:43:13
Prerna,https://www.twitter.com/Prerna19461811,@infotechshakti @hci_london @airindiain @drsjaishankar @ruchighanashyam @blrairport @narendramodi @bsybjp wonderful to know!,2020-04-27 13:47:57
Tarun Chaudhary,https://www.twitter.com/tanuDSLKO,@shravan16752157 @bsybjp @harimarar @blrairport @siddaramaiah @hd_kumaraswamy @jagrannews @amarujalanews do the needful...,2014-10-16 04:19:56
Satya Tripathy,https://www.twitter.com/tripathysatya,"  the same seamless airport experience, now with enhanced safety features! #blrairport is waiting to welcome you back with an…",2010-12-03 16:14:04
VOBLR #StayHome🇮🇳,https://www.twitter.com/sandeeprrao1991,  thanks for sharing @kiranshaw🙏 so proud of namma #bengaluru   adaptation to the new #covid19 reality. @blrairport is an exce…,2014-09-29 09:25:13
"Rajshekhar, SHRM-CP",https://www.twitter.com/rchougala,"  thank you shri @harimarar, md &amp; ceo @blrairport for contributing rs 1crore to cm relief fund and supporting our fight against c…",2011-08-12 13:43:41
Karnataka Fights Corona,https://www.twitter.com/karnataka_team,"  thank you shri @harimarar, md &amp; ceo @blrairport for contributing rs 1crore to cm relief fund and supporting our fight against c…",2020-03-29 15:43:13
Balbir Seimar,https://www.twitter.com/balseimar,@infotechshakti @hci_london @airindiain @drsjaishankar @ruchighanashyam @blrairport @narendramodi @bsybjp it is lov… https://t.co/xqwxbpcwus,2017-12-17 10:34:05
Digvijay Chouhan,https://www.twitter.com/djgoodlook,"  big relief to have children back home. a big thanks to govt of karnataka, @cmofkarnataka, @drashwathcn, @dhfwka. also, @meain…",2010-01-10 10:13:03
Ramesh ರಮೇಶ್,https://www.twitter.com/rameshraop,"  #tnieupdatesoncovid19
list of 84 hotels (1/2), where international, domestic passengers will stay. keep them handy.
@newin…",2015-10-05 12:51:28
K'taka Health Dept,https://www.twitter.com/DHFWKA,@sunilkai @bbmpcomm @blrairport @cmofkarnataka @karnatakavarthe @blrcitypolice @blrcitytraffic @dvsadanandgowda… https://t.co/q2qwoq1knd,2017-02-01 10:09:56
dana kursh,https://www.twitter.com/DanaKursh,thanks for sharing @kiranshaw🙏 so proud of namma #bengaluru   adaptation to the new #covid19 reality. @blrairport i… https://t.co/smv9znxebw,2016-03-09 19:04:54
Vasanthraj Ranka,https://www.twitter.com/RankaVasanthraj,"  in all, 326 passengers landed from london at @blrairport early this morning. they have been screened &amp; shifted to hotels of t…",2017-05-02 06:10:08
Pramesh Jain 🇮🇳,https://www.twitter.com/prameshjain12,"  #bengaluru
early morning scene at @blrairport  before arrival of more than 300 passengers to bengaluru from london .…",2014-05-01 12:40:58
Tarun Chaudhary,https://www.twitter.com/tanuDSLKO,  @bsybjp @harimarar @blrairport i am an employee of ienergizer noida my company has not paid the salary.i belong to man…,2014-10-16 04:19:56
MayaRao,https://www.twitter.com/MayaRao,@gajendrapujari @bbmpcomm @blrairport @cmofkarnataka @karnatakavarthe @blrcitypolice @blrcitytraffic @dhfwka… https://t.co/rrycu0b9cx,2008-06-17 06:59:04
Bhargav Ram{BR},https://www.twitter.com/bhargav_ram666,@dhfwka @cmofkarnataka @bsybjp @sriramulubjp @drashwathcn @mla_sudhakar @iaspankajpandey @bbmp_mayor @bbmpcomm… https://t.co/foscykvf5r,2015-09-20 13:43:50
Bhargav Ram{BR},https://www.twitter.com/bhargav_ram666,@iaspankajpandey @cmofkarnataka @bsybjp @sriramulubjp @mla_sudhakar @drashwathcn @nimmasuresh @airnews_bang… https://t.co/zw7qcp0yv6,2015-09-20 13:43:50
Sunil Kai,https://www.twitter.com/sunilkai,@bbmpcomm @blrairport @cmofkarnataka @karnatakavarthe @blrcitypolice @blrcitytraffic @dhfwka @dvsadanandgowda… https://t.co/mzgotqci8k,2009-04-22 04:02:26
iamrk,https://www.twitter.com/ramesh569108,"  thank you shri @harimarar, md &amp; ceo @blrairport for contributing rs 1crore to cm relief fund and supporting our fight against c…",2017-10-14 19:17:38
