Reviewer Name,Reviewer Profile URL,Review,Time
TNIE Karnataka,https://www.twitter.com/XpressBengaluru,  covid-19: first repatriation flight from london carrying 326 indians lands in bengaluru - the new indian express https…,2018-12-12 14:53:57
Meghana,https://www.twitter.com/GoingMeghana,"thank you to staff at @airindiain! 🌟

also, thx to @blrairport staff cleaning chairs, distributing sandwiches and w… https://t.co/1dgals4axk",2010-11-17 14:12:40
Chetana Belagere,https://www.twitter.com/chetanabelagere,covid-19: first repatriation flight from london carrying 326 indians lands in bengaluru - the new indian express… https://t.co/qti2sxqoik,2009-09-25 09:27:24
Merin,https://www.twitter.com/SummerMerin,@darshandevaiahb @indianexpress @blrairport shifted to hotels n the migrant workers walks for hours on end wz no arrangement @rahulgandhi,2014-08-21 14:59:16
Dr Jimson S,https://www.twitter.com/omfsjimson,  air india repatriation flight 1803 from #london has landed in #bengaluru (@blrairport) with 323 passengers. all passen…,2009-09-08 18:28:06
Pawan Kumar,https://www.twitter.com/iampvnsingh,@mez56588774 @darshandevaiahb @indianexpress @blrairport airline cost free,2017-09-13 04:44:11
Mez,https://www.twitter.com/Mez56588774,"@iampvnsingh @darshandevaiahb @indianexpress @blrairport hotels arent free

4100 a night",2019-11-19 20:56:36
Lakshmi Ajay,https://www.twitter.com/LakshmiAjay1,  air india repatriation flight 1803 from #london has landed in #bengaluru (@blrairport) with 323 passengers. all passen…,2014-11-18 06:09:18
Pawan Kumar,https://www.twitter.com/iampvnsingh,@darshandevaiahb @indianexpress @blrairport free of cost..?,2017-09-13 04:44:11
अमित मंडलेकर एक भारतीय,https://www.twitter.com/mandlekar_amit,  air india repatriation flight 1803 from #london has landed in #bengaluru (@blrairport) with 323 passengers. all passen…,2015-08-11 01:30:44
The Indian Express,https://www.twitter.com/IndianExpress,  air india repatriation flight 1803 from #london has landed in #bengaluru (@blrairport) with 323 passengers. all passen…,2009-05-08 11:29:15
Darshan Devaiah B P,https://www.twitter.com/DarshanDevaiahB,air india repatriation flight 1803 from #london has landed in #bengaluru (@blrairport) with 323 passengers. all pas… https://t.co/ivjvr6m3gf,2013-09-13 18:08:30
Madhu Krishna,https://www.twitter.com/MadWhoKrish,"  @airindiain @hardeepspuri @blrairport @moca_goi @bsybjp @cmofkarnataka @dvsadanandgowda 
please add flights from bangalore to…",2020-04-19 23:25:06
Madhu Krishna,https://www.twitter.com/MadWhoKrish,"  @airindiain @hardeepspuri @blrairport @moca_goi @bsybjp @cmofkarnataka @dvsadanandgowda 
please add flights from bangalore…",2020-04-19 23:25:06
Mez,https://www.twitter.com/Mez56588774,@blrairport how long will i have to stay in the airport,2019-11-19 20:56:36
Mez,https://www.twitter.com/Mez56588774,@blrairport  will i have to quarantine on arrival at home or in hotel,2019-11-19 20:56:36
Rajinder Sharma,https://www.twitter.com/Rajinde09201735,  pls start outbound international flights2canada. canada is allowing people to travel. @hardeepspuri @dgcaindia @meaindia…,2012-08-12 04:47:03
Harpreet singh,https://www.twitter.com/singhz1313,  pls start outbound international flights2canada. canada is allowing people to travel. @hardeepspuri @dgcaindia @meaindia…,2015-06-04 03:49:23
Jasmine,https://www.twitter.com/Jasmine85160845,  pls start outbound international flights2canada. canada is allowing people to travel. @hardeepspuri @dgcaindia @meaindia…,2020-05-02 08:22:13
Ivneet kaur,https://www.twitter.com/Ivneetk17241958,  pls start outbound international flights2canada. canada is allowing people to travel. @hardeepspuri @dgcaindia @meaindia…,2020-04-10 07:49:06
