Reviewer Name,Reviewer Rating,Reviewer Profile URL,Review,Time
Mithun Gowda,,https://www.facebook.com/mithun.gwda/posts/10219386054535687,<p>Love it.. The waiting lounge and restaurants are top notch..</p>,12 February
Camil Picard,,https://www.facebook.com/camil.picard/posts/10156841231775703,<p>Tres bon petit déjeuner et service super de Mohan</p>,8 March
Rohini Debroy,<u>5 star</u>,https://www.facebook.com/rohini.debroy/posts/1708101309272565:0,"<p>I love this airport. Apart from the 'coming home' feeling, it has been one of the best airports in terms of cleanliness, design and ease of operations as a traveler. Having travelled internationally, I always feel proud when I pass Bengaluru Airport. Good job! keep going</p>",15 June 2018
Sonali Nikam,,https://www.facebook.com/sonali.nikam.355/posts/1796766937120494,"<p>Awesome Airport, Nice ambience , Better connectivity,</p>",31 December 2019
Ami Roosha,<u>2 star</u>,https://www.facebook.com/ami.s.ami.14/posts/10216569365975440:0,"<p>Dear BLR Airport, <br/> My experiences are always pleasant except today. Due to huge delay at the security check in, I missed by scheduled flight by 10 mins. With more than 100 passengers at the same time, only 2 counters were open. No ground staff to help or reach to. I was bound to pay 1000 bucks extra for the next flight again. <br/> Can I have some explanation for my fault here? Despite reaching 1.5 hrs before time, I was hecled early in the morning, without any justification from airline's or KIAL's end. I wish to have justice about the same. I wish to have my money refunded immediately. It may not be a matter of money,  but a settlement must be reached. <br/> Atmaja</p>",9 June 2018
Reddy Prasad K Adinarayan,,https://www.facebook.com/rprasadkanbk/posts/3298962750120190,"<p>excellent, nice connectivity</p>",14 January
Sree Bhat,<u>4 star</u>,https://www.facebook.com/sree.bhat.7/posts/10155054701037670:0,"<p>We complain a lot about the condition of public toilets in India (certainly with good reason). But have you seen toilet cleaning staff welcome you with ""Namaskara""?<br/> Yes, it happens in Kempegowda International Airport in Bangalore. Munianjaneyappa takes care of one of the toilets and he keeps his domain sparklingly clean, welcomes every user, guides them to the facilities. When you are about to leave he even wishes you ""happy journey"" (My wife tells me it's the same great service in the Ladies' too. A big thank you to Munianjaneyappa and his colleagues and the authorities.</p>",7 July 2017
Mohammed Ali Shaikh,,https://www.facebook.com/shaikh.ali.12935/posts/3119377978090402,<p>easy access and good service.</p>,2 January
Kailasa's Nithya Mrdukananda Mrdu,<u>1 star</u>,https://www.facebook.com/permalink.php?story_fbid=157835508161245&id=100018043905158&substory_index=1,"<p>I have been a regular stopper-by at the Bangalore International airport - but lately, i have some of my friends (who are foreigners) who have been harrasssed by some of the officials at the airport - ridiculing their beliefs, etc. If this persists, no foreigner will be interested to land in Bangalore via air-craft. Pls do the needful to rectify the issue the soonest.</p>",26 November 2017
Raju Haran,,https://www.facebook.com/rajuharan.ambikajewellers/posts/2702760856456456,"<p>one of the well maintained in my country, great renovation going on outside</p>",6 January
Venkatesh Prasad,<u>5 star</u>,https://www.facebook.com/venkatesh.prasad.12935/posts/2138038922892880:0,<p>The airport and the way it functions is phenomenal!! One of the best airports I've been to.</p>,14 May 2018
Vijeesh Nair,,https://www.facebook.com/vrn388/posts/2912887935435084,<p>From the date of opening till date it’s always improved it’s service experience by upgrading the technology &amp; facilities for all passengers under a single terminal.</p>,6 February
Sushant Rajput,<u>4 star</u>,https://www.facebook.com/permalink.php?story_fbid=136471474019070&id=100029686538966&substory_index=3,<p>One of the big airport after Delhi and Mumbai. Terminal is made in terms of Garden city but needed much to be made.but demerit is having single runaway causing less flight landing in the city. Aerospace city is big but much more needed in terms of Delhi and Mumbai.</p>,10 December 2018
Jha Seema,,https://www.facebook.com/seema.jha.129/posts/10216769909225873,<p>Awesome airport with great experience</p>,1 January
Kailasa's Ma Nithya Shivamayananda,<u>1 star</u>,https://www.facebook.com/MaNithyaShivamayaAnanda/posts/1760510870639268:0,"<p>Over 10 of my friends were in seperate cases harassed by airport officers with abusive language and abusive behavior like surrounding one of my friends with all the officers, laughing at her, making dirty jokes in Karnataka and next starting abusing our beloved guru Sri Paramahamsa Nithyananda. It is pure religious discrimination and hatred. Another had to meet an immigration officer in a seperate room who questioned her although she had the right papers and treathened to make it really hard for anyone from USA to enter India. Is this how the airport wants to tread spiritual tourists from the West?????!!!</p>",26 November 2017
Syam Anthony,,https://www.facebook.com/syam.anthony.1/posts/184935562882770,<p>Most beautiful  &amp; cleanest Airport in India.</p>,23 January
Kailasa's Sri Nithya Neerajananda,<u>1 star</u>,https://www.facebook.com/neerajananda/posts/1728059570567287:1,<p>The imitation officers both coming to and leaving from India have harassed me on multiple occasions just because of my association to Paramahamsa Nithyananda. This is religious discrimination and we won't stand for it.</p>,26 November 2017
Varun Narasimha K,,https://www.facebook.com/varun.narasimhak/posts/2672843359402970,<p>Awesome airport. Best in India.</p>,24 October 2019
Kartik Charnalia,<u>5 star</u>,https://www.facebook.com/kartik.charnalia/posts/2538471552834346:0,"<p>Very lavish and beautiful airport one can endeavour , it's keeping up pace gradually and services are just awesome ,great.</p>",23 March 2019
Mahesh Shenoy Badthodi,,https://www.facebook.com/maheshshenoy.badthodi/posts/402995087069223,<p>Awesome atmosphere . Fantastic and very welcoming staff . And Mr Mohnish Muthanna really I hv no words to express . Hospitality providing is not every person cup of tea . But you have taken it to the next level . Too good . That smile suits u the best than any one else</p>,7 September 2019
Rajdeep Tyagi,<u>1 star</u>,https://www.facebook.com/rajdeeptyagi/posts/10155111162461039:0,<p>as far as Low Visibility procedures (LVP) is concerned this airport has fairly outdated technology. No take off even in 400 m visibility at 8 am.</p>,25 December 2017
Kavya Ch,,https://www.facebook.com/kaviyacchandana/posts/1371963349618955,<p>ofcourse had awesome experience all-over and especially had best time in lounge too.</p>,18 September 2019
Shefeer Ibn Shamz,<u>5 star</u>,https://www.facebook.com/shefeerHAM/posts/1917509065222433:0,<p>This is the best airport i ever seen</p>,19 October 2018
Santosh Kumar Maturi,,https://www.facebook.com/skmaturi/posts/3304486586289020,"<p>Best airport on india in all respects ...i <span class=""_47e3 _5mfr"" title=""heart emoticon""><img alt="""" class=""img"" height=""16"" role=""presentation"" src=""https://static.xx.fbcdn.net/images/emoji.php/v9/t6c/1/16/2764.png"" width=""16""/><span aria-hidden=""true"" class=""_7oe"">&lt;3</span></span> BLR Airport</p>",29 October 2019
Rahul Santra,<u>5 star</u>,https://www.facebook.com/rahul.santra/posts/1517836318253038:0,<p>One of your staffs cleaned of the lid before I sat down for a dump. Now I am afraid to fart while taking a dump. Even my flat's toilet isn't this clean!!</p>,11 December 2017
Nizar Ahmed,,https://www.facebook.com/nizarsmail/posts/10218020151648662,<p>One of the most practical Airports in the world. Check-in to departure lounge travel time is very low despite much airway traffic.<br/> keep it up</p>,24 October 2019
Trishul K Alva,<u>1 star</u>,https://www.facebook.com/trishul.alva/posts/2021822401174259:0,"<p>One of the Most unorganized and hopeless airports I have seen in the past few years. The staff is supposed to help the passengers, it feels more like an air conditioned railway station and not an international Airport.</p>",31 October 2018
Roshini Misquith Crasta,,https://www.facebook.com/roshinimisquith.crasta/posts/2929233313761656,<p>The P4 budget parking is extremely unsafe to reach. No proper / safe pathway to walk with the trolley. Please fix as soon as possible or make parking free!!!!!!!</p>,17 October 2019
Sajin KP,<u>5 star</u>,https://www.facebook.com/sajinrajankp/posts/1843601692323009:0,<p>Good service and customer friendly management . Wish you all the best BLR .</p>,9 September 2017
Hemkanta Sinha,,https://www.facebook.com/Hemkanta/posts/2693209210733482,<p>it's food lounge is awesome</p>,16 January
Sumanta Dutta,<u>5 star</u>,https://www.facebook.com/sumanta.dutta.56027/posts/129645701570958:0,<p>It's good airport</p>,15 June 2019
Jayadevan Cn,,https://www.facebook.com/jayadevan.cn.5/posts/1297998127045785,<p>One of the best airports in India. Travellers feel comfortable.</p>,31 October 2019
Sarah Landry,<u>1 star</u>,https://www.facebook.com/ma.nithya.sudevi/posts/10154811075805764:1,"<p>I was sexually harassed by Immigration Officers while leaving India. The officers whose station I went through started to laugh when he saw I was wearing a mala with Nithyanandaji's picture on it, and told me to wait. He took my passport and went to another security officer, then another, then another. Finally, to my horror, ALL the security officers came to the booth where I was waiting, leering, looking me up and down, laughing and talking in the local language. Finally, on<span class=""text_exposed_hide"">...</span><span class=""text_exposed_show"">e of them asked me in English, ""How many times has your guru touched you?"" I told them never. Then another asked, ""Did he ever try to touch you under your clothes?"" I said no. They all kept laughing and I could see by their expressions they were imagining all kind of gross things about me. I felt like I couldn't fight back because they have weapons and they were holding my passport. I just wanted to go home to Canada after a beautiful time in India, but these rascals made my homeward journey scary and humiliating. I will never leave India from Bengaluru International again. I've come here 9 times, and have never had this problem in any airport but Bengaluru.</span></p>",26 November 2017
Lakshmi Sharath,,https://www.facebook.com/lakshmi.sharath/posts/10156259431691175,"<p>One of the best airports and I don’t say it’ because it’s home . Friendly staff and so convenient , it’s also extremely efficient . Immigration is also fast and it’s a pleasure to fly in and out of this airport</p>",30 July 2019
Sonny Csorba,<u>1 star</u>,https://www.facebook.com/sonny.csorba/posts/1681335191929872:0,<p>I was being Questioned and Harassed about why Chose my Guru how did get to know him for what reason im going to him so many questions that are not needed just because of the opinion they have over the media and not the Reality</p>,26 November 2017
Sivanand Harikrishnaperumal,,https://www.facebook.com/h.sivanand/posts/2570692589665386,"<p>My last journey was horrible, missed my hand watch in the rest room, while hand washing and forget to took back. After came out immediately I realised my watch is missed. Suddenly I went to gate security they denied to get in back, then I asked him how to get my watch back-  NOBODY EXPLAINED ME. He asked me go to INDIGO customers care, again  they asked me to go LOST AND FOUND, again then they asked me to go to CISF, finally cisf asked me wait at GATE 13 for 10 minutes. Almos<span class=""text_exposed_hide"">...</span><span class=""text_exposed_show"">t waited for 1 hour no response. Some how the gate security helped me to check with rest room cleaner, and came to know that my watch had already handover to CISF. Again I went to CISF, offices were very busy in talking themselves, not even bother to attend. When I asked he said to wait again, I replied how Long - the answer he said is he has only one officer and it will take time. I thought myself “ CISF also running short staff”. Then again went back to gate 13 and waited another 30 min.another officer in the next gate called me and asked to go the CISF senior officer @gate 9. Finally I senior officer in gate 9 helped me to get the watch. I also. Thanked  him. After 2 hours running to both ends of airport for atleast 8 times I got my watch.</span></p>",9 September 2019
Navin Saffar,<u>5 star</u>,https://www.facebook.com/navin.saffar/posts/1549965975017906:0,<p>Very good airport with world class fatalities. No need to walk much to reach boarding gate. Security clearance is also very fast. Lounge are also very good with variety of delicious food. Overall very good airport.</p>,8 January 2017
John Varghese,,https://www.facebook.com/jonpvrgz/posts/10213646612870906,<p>Should definitely be rated worst Airport in the world.</p>,30 July 2019
Kailasa's Sri Nithya Maheshananda,<u>1 star</u>,https://www.facebook.com/marshall.ishanashivam.5/posts/142207799876847:1,"<p>Intense questioning, harrassment, and even turning people I know away. Due to spiritual beliefs. I do not want to use this airport anymore</p>",26 November 2017
Christian Horta,,https://www.facebook.com/chrisehorta/posts/10217782444725835,"<p>had an awful experience at the airport, the immigration office stopped me and my mother belittling us because we are foreigners. Downright threatening me by saying ""Sir I can remove you from India by taking away your Visa"" these men did not give me their names when I asked for them. They simply think that attacking Foreigners is acceptable. To whom ever it may concern This is a formal complain against the immigration office in the Kempegowda International Airport.</p>",27 September 2019
Sagar Ravikumar Koundinya,<u>5 star</u>,https://www.facebook.com/sagarr.koundinya/posts/1444653815640591:0,<p>Awesome airport with all updated Technologies installed..</p>,21 May 2018
Rahul Gupta,,https://www.facebook.com/permalink.php?story_fbid=1471629696336221&id=100004676148417,<p>amazing airport....just like it</p>,30 December 2019
Krishna Mohan,<u>1 star</u>,https://www.facebook.com/permalink.php?story_fbid=856213844571383&id=100005483262098&substory_index=0,<p>AC is not working at domestic security gates. It is too hot</p>,12 April 2018
Rajarshi Chatterjee,,https://www.facebook.com/permalink.php?story_fbid=2177681939200307&id=100008755667931,<p>It is one of the best Airport in India.</p>,26 October 2019
Subhankar S Chakraborty,<u>3 star</u>,https://www.facebook.com/im.sonai/posts/1462656507143857:0,<p>Gone deir 2time.... airport area is vry much good bt travelling issue is deir from proper city</p>,1 October 2017
