Reviewer Name,Reviewer Profile URL,Review,Time
shariq majeed TOI,https://www.twitter.com/shariqmajeedTOI,"  visuals from #blrairport, where a flight from heathrow landed around 4.50am on monday

#karnatakalockdown https://t.co/hn…",2015-09-22 11:16:56
TOI Bengaluru,https://www.twitter.com/TOIBengaluru,"visuals from #blrairport, where a flight from heathrow landed around 4.50am on monday

#karnatakalockdown https://t.co/hnl5rdnz72",2009-04-14 04:37:08
bhaskar rao,https://www.twitter.com/baskrao,"  bridge the distance to your mother with a virtual hug. tag your mother in the comments below to give her a virtual hug, no…",2010-01-03 11:15:18
MURALI C M,https://www.twitter.com/MURALICM6,"  bridge the distance to your mother with a virtual hug. tag your mother in the comments below to give her a virtual hug, no…",2020-04-05 09:46:32
BLR Airport,https://www.twitter.com/BLRAirport,bridge the distance to your mother with a virtual hug. tag your mother in the comments below to give her a virtual… https://t.co/dh3pa9l7je,2015-07-10 11:11:50
MURALI C M,https://www.twitter.com/MURALICM6,  some of our best memories are with our mothers. share your favourite travel moment with your mother in the comments section…,2020-04-05 09:46:32
BLR Airport,https://www.twitter.com/BLRAirport,some of our best memories are with our mothers. share your favourite travel moment with your mother in the comments… https://t.co/mxpcek3nhi,2015-07-10 11:11:50
Cronin DAlmeida,https://www.twitter.com/cronalmeida,"  we miss you (a lot)! while our teams are waiting to welcome you back, we are getting the airport ready for you. let us look…",2009-05-24 14:38:19
JOY DEEP DHAR 🇮🇳,https://www.twitter.com/joydeepdhar1991,"  we miss you (a lot)! while our teams are waiting to welcome you back, we are getting the airport ready for you. let us look…",2015-04-12 18:55:16
Dr Shibil Ghosh,https://www.twitter.com/drshibil_g,"  with this series of faqs, blr airport seeks to address concerns raised by passengers, parents and travelers from across the…",2010-05-05 08:52:20
