Reviewer Name,Reviewer Rating,Reviewer Profile URL,Review,Time
 Md Omar Faruk ,"<span aria-label="" 5 stars "" class=""section-review-stars"" jsan=""7.section-review-stars,0.aria-label,0.role,t-1xcf3_7ROhA"" jstcache=""248"" role=""img""> <span class=""section-review-star section-review-star-active"" jsan=""7.section-review-star,7.section-review-star-active"" jsinstance=""0"" jstcache=""287""></span><span class=""section-review-star section-review-star-active"" jsan=""7.section-review-star,7.section-review-star-active"" jsinstance=""1"" jstcache=""287""></span><span class=""section-review-star section-review-star-active"" jsan=""7.section-review-star,7.section-review-star-active"" jsinstance=""2"" jstcache=""287""></span><span class=""section-review-star section-review-star-active"" jsan=""7.section-review-star,7.section-review-star-active"" jsinstance=""3"" jstcache=""287""></span><span class=""section-review-star section-review-star-active"" jsan=""7.section-review-star,7.section-review-star-active"" jsinstance=""*4"" jstcache=""287""></span> </span>",https://www.google.com/maps/contrib/118188611622188885347?hl=en-IN,"Very well decorated and international standard maintained airport. One of the busiest airport in India. Boarding, immigration and waiting for the departure or arrival give a visitor well mannered and disciplined service by the employee engaged here. Branded duty free shop offers variations of chocolates and other products to the customers. Food valley offer nice food and beverage within the budget limit. Vast view of airport can be seen from the departure sitting. After flying a scenic historical as well as modern Kolkata can be seen. What a charm the prime capital of Indian subcontinent!",a month ago
 Samsappa Samsudeen ,"<span aria-label="" 4 stars "" class=""section-review-stars"" jsan=""7.section-review-stars,0.aria-label,0.role,t-1xcf3_7ROhA"" jstcache=""248"" role=""img""> <span class=""section-review-star section-review-star-active"" jsan=""7.section-review-star,7.section-review-star-active"" jsinstance=""0"" jstcache=""287""></span><span class=""section-review-star section-review-star-active"" jsan=""7.section-review-star,7.section-review-star-active"" jsinstance=""1"" jstcache=""287""></span><span class=""section-review-star section-review-star-active"" jsan=""7.section-review-star,7.section-review-star-active"" jsinstance=""2"" jstcache=""287""></span><span class=""section-review-star section-review-star-active"" jsan=""7.section-review-star,7.section-review-star-active"" jsinstance=""3"" jstcache=""287""></span><span class=""section-review-star"" jsan=""7.section-review-star"" jsinstance=""*4"" jstcache=""287""></span> </span>",https://www.google.com/maps/contrib/112851472790586591092?hl=en-IN,"Good place.
Reaching Airport takes time because of traffic.  Need to start earlier where ever  you are because even inside Airport its narrow some times traffic gets tight.
Cleanliness need Attention.
Restaurant's need Attention for cleanliness.",2 months ago
 Manish Arya ,"<span aria-label="" 2 stars "" class=""section-review-stars"" jsan=""7.section-review-stars,0.aria-label,0.role,t-1xcf3_7ROhA"" jstcache=""248"" role=""img""> <span class=""section-review-star section-review-star-active"" jsan=""7.section-review-star,7.section-review-star-active"" jsinstance=""0"" jstcache=""287""></span><span class=""section-review-star section-review-star-active"" jsan=""7.section-review-star,7.section-review-star-active"" jsinstance=""1"" jstcache=""287""></span><span class=""section-review-star"" jsan=""7.section-review-star"" jsinstance=""2"" jstcache=""287""></span><span class=""section-review-star"" jsan=""7.section-review-star"" jsinstance=""3"" jstcache=""287""></span><span class=""section-review-star"" jsan=""7.section-review-star"" jsinstance=""*4"" jstcache=""287""></span> </span>",https://www.google.com/maps/contrib/110482405368348803965?hl=en-IN,This airport is very neat and clean bas well organised but eating outlet is very expensive. Overall ball airport is good and security is not too tight. Casual security is there anyone can pass entrance. Security should be improve. Staff of this airport is very friendly and approachable.,2 months ago
 Rohan Sarkar ,"<span aria-label="" 4 stars "" class=""section-review-stars"" jsan=""7.section-review-stars,0.aria-label,0.role,t-1xcf3_7ROhA"" jstcache=""248"" role=""img""> <span class=""section-review-star section-review-star-active"" jsan=""7.section-review-star,7.section-review-star-active"" jsinstance=""0"" jstcache=""287""></span><span class=""section-review-star section-review-star-active"" jsan=""7.section-review-star,7.section-review-star-active"" jsinstance=""1"" jstcache=""287""></span><span class=""section-review-star section-review-star-active"" jsan=""7.section-review-star,7.section-review-star-active"" jsinstance=""2"" jstcache=""287""></span><span class=""section-review-star section-review-star-active"" jsan=""7.section-review-star,7.section-review-star-active"" jsinstance=""3"" jstcache=""287""></span><span class=""section-review-star"" jsan=""7.section-review-star"" jsinstance=""*4"" jstcache=""287""></span> </span>",https://www.google.com/maps/contrib/108823268836445030452?hl=en-IN,This airport is one of the best airports in India. An amazing airport with many facilities for travelers. Especially the duty free is a fantastic place to shop with so many varieties and restaurants. Staff is very helpful and efficient. The airport is well-maintained. Also the ambience is comfortable.,3 months ago
 Current Events ,"<span aria-label="" 4 stars "" class=""section-review-stars"" jsan=""7.section-review-stars,0.aria-label,0.role,t-1xcf3_7ROhA"" jstcache=""248"" role=""img""> <span class=""section-review-star section-review-star-active"" jsan=""7.section-review-star,7.section-review-star-active"" jsinstance=""0"" jstcache=""287""></span><span class=""section-review-star section-review-star-active"" jsan=""7.section-review-star,7.section-review-star-active"" jsinstance=""1"" jstcache=""287""></span><span class=""section-review-star section-review-star-active"" jsan=""7.section-review-star,7.section-review-star-active"" jsinstance=""2"" jstcache=""287""></span><span class=""section-review-star section-review-star-active"" jsan=""7.section-review-star,7.section-review-star-active"" jsinstance=""3"" jstcache=""287""></span><span class=""section-review-star"" jsan=""7.section-review-star"" jsinstance=""*4"" jstcache=""287""></span> </span>",https://www.google.com/maps/contrib/100252153333625995890?hl=en-IN,"Great airport. Everything went smooth and hassle free. Got the boarding passes from the e- machine which saved a lot of time.Also, we weren't required to get an x-ray of our baggages. Within 20 minutes of our entry we were done with the security check too. There are various eateries and branded shops available at the airport. Overall ,  a comforting place.",2 months ago
 Iftekhar Khan ,"<span aria-label="" 3 stars "" class=""section-review-stars"" jsan=""7.section-review-stars,0.aria-label,0.role,t-1xcf3_7ROhA"" jstcache=""248"" role=""img""> <span class=""section-review-star section-review-star-active"" jsan=""7.section-review-star,7.section-review-star-active"" jsinstance=""0"" jstcache=""287""></span><span class=""section-review-star section-review-star-active"" jsan=""7.section-review-star,7.section-review-star-active"" jsinstance=""1"" jstcache=""287""></span><span class=""section-review-star section-review-star-active"" jsan=""7.section-review-star,7.section-review-star-active"" jsinstance=""2"" jstcache=""287""></span><span class=""section-review-star"" jsan=""7.section-review-star"" jsinstance=""3"" jstcache=""287""></span><span class=""section-review-star"" jsan=""7.section-review-star"" jsinstance=""*4"" jstcache=""287""></span> </span>",https://www.google.com/maps/contrib/109224226999443529509?hl=en-IN,"Nice Airport Both domestic and international terminals under one roof. Very well planned structure. A bit far away from city. Very neatly maintained airport. Very quick immigration check. Food items and other amenities available . 
Clean & well-planned airport. Departure waiting area has so many shops and food outlets so passengers won't get bored. Security staff is very helpful. Moreover, it is a very nice airport for passengers.
 The domestic and international gates are near to each other, thus saving time for transit. Staff behavior is very nice. Service is very good and everyone is very helpful.
This Airport route is suitable for tourist to visit China, Thailand as it is well connected for cheap flights. This is comfortable airport as you need not to move here and there as it have domestic as well as international service at one place. Other services like money exchange, Sim cards and food joint at convenience. 

Good ambience and Clean airport with helpful staffs.  A range of food courts to enjoy your meal. All over a great experience.",2 months ago
 Sivasankar Sivaramalingam ,"<span aria-label="" 5 stars "" class=""section-review-stars"" jsan=""7.section-review-stars,0.aria-label,0.role,t-1xcf3_7ROhA"" jstcache=""248"" role=""img""> <span class=""section-review-star section-review-star-active"" jsan=""7.section-review-star,7.section-review-star-active"" jsinstance=""0"" jstcache=""287""></span><span class=""section-review-star section-review-star-active"" jsan=""7.section-review-star,7.section-review-star-active"" jsinstance=""1"" jstcache=""287""></span><span class=""section-review-star section-review-star-active"" jsan=""7.section-review-star,7.section-review-star-active"" jsinstance=""2"" jstcache=""287""></span><span class=""section-review-star section-review-star-active"" jsan=""7.section-review-star,7.section-review-star-active"" jsinstance=""3"" jstcache=""287""></span><span class=""section-review-star section-review-star-active"" jsan=""7.section-review-star,7.section-review-star-active"" jsinstance=""*4"" jstcache=""287""></span> </span>",https://www.google.com/maps/contrib/107570178105812680479?hl=en-IN,One of the largest airports in India. Both domestic and international terminals under one roof. Very well planned structure. A bit far away from city. Very neatly maintained airport. Very quick immigration check.  Food items and other amenities available . . very neat. Overall nice.,5 months ago
 subhajit mukherjee ,"<span aria-label="" 4 stars "" class=""section-review-stars"" jsan=""7.section-review-stars,0.aria-label,0.role,t-1xcf3_7ROhA"" jstcache=""248"" role=""img""> <span class=""section-review-star section-review-star-active"" jsan=""7.section-review-star,7.section-review-star-active"" jsinstance=""0"" jstcache=""287""></span><span class=""section-review-star section-review-star-active"" jsan=""7.section-review-star,7.section-review-star-active"" jsinstance=""1"" jstcache=""287""></span><span class=""section-review-star section-review-star-active"" jsan=""7.section-review-star,7.section-review-star-active"" jsinstance=""2"" jstcache=""287""></span><span class=""section-review-star section-review-star-active"" jsan=""7.section-review-star,7.section-review-star-active"" jsinstance=""3"" jstcache=""287""></span><span class=""section-review-star"" jsan=""7.section-review-star"" jsinstance=""*4"" jstcache=""287""></span> </span>",https://www.google.com/maps/contrib/113312199515016092580?hl=en-IN,"One of the Largest Airport. Nit and clean. Servise is good except Air India.
Well decorated wall art and statue you can see in this Airport.
Domestic and International Departures are stay in same line and same floor.
For Domestic Flight you should use gate no 1,2,3 A or B and for International flight you should use gate no 4 onwards.",2 months ago
 Shakibur Rahman ,"<span aria-label="" 5 stars "" class=""section-review-stars"" jsan=""7.section-review-stars,0.aria-label,0.role,t-1xcf3_7ROhA"" jstcache=""248"" role=""img""> <span class=""section-review-star section-review-star-active"" jsan=""7.section-review-star,7.section-review-star-active"" jsinstance=""0"" jstcache=""287""></span><span class=""section-review-star section-review-star-active"" jsan=""7.section-review-star,7.section-review-star-active"" jsinstance=""1"" jstcache=""287""></span><span class=""section-review-star section-review-star-active"" jsan=""7.section-review-star,7.section-review-star-active"" jsinstance=""2"" jstcache=""287""></span><span class=""section-review-star section-review-star-active"" jsan=""7.section-review-star,7.section-review-star-active"" jsinstance=""3"" jstcache=""287""></span><span class=""section-review-star section-review-star-active"" jsan=""7.section-review-star,7.section-review-star-active"" jsinstance=""*4"" jstcache=""287""></span> </span>",https://www.google.com/maps/contrib/101436562135647959180?hl=en-IN,"Clean & well-planned airport. Departure waiting area has so many shops and food outlets so passengers won't get bored. Security staff is very helpful. Moreover, it is a very nice airport for passengers. The domestic and international gates are near to each other, thus saving time for transit. Staff behavior is very nice. Service is very good and everyone is very helpful.",5 months ago
 Debdeep Mitra ,"<span aria-label="" 5 stars "" class=""section-review-stars"" jsan=""7.section-review-stars,0.aria-label,0.role,t-1xcf3_7ROhA"" jstcache=""248"" role=""img""> <span class=""section-review-star section-review-star-active"" jsan=""7.section-review-star,7.section-review-star-active"" jsinstance=""0"" jstcache=""287""></span><span class=""section-review-star section-review-star-active"" jsan=""7.section-review-star,7.section-review-star-active"" jsinstance=""1"" jstcache=""287""></span><span class=""section-review-star section-review-star-active"" jsan=""7.section-review-star,7.section-review-star-active"" jsinstance=""2"" jstcache=""287""></span><span class=""section-review-star section-review-star-active"" jsan=""7.section-review-star,7.section-review-star-active"" jsinstance=""3"" jstcache=""287""></span><span class=""section-review-star section-review-star-active"" jsan=""7.section-review-star,7.section-review-star-active"" jsinstance=""*4"" jstcache=""287""></span> </span>",https://www.google.com/maps/contrib/101153204665752658059?hl=en-IN,One of the most busiest airports in India. And also one of the safest. Very friendly employees starting from the army/police to the employees of the different airlines. I do suggest if u haven't been there... It's a one time thing which you will not regret. 😉,2 months ago
 RAJESH M ,"<span aria-label="" 4 stars "" class=""section-review-stars"" jsan=""7.section-review-stars,0.aria-label,0.role,t-1xcf3_7ROhA"" jstcache=""248"" role=""img""> <span class=""section-review-star section-review-star-active"" jsan=""7.section-review-star,7.section-review-star-active"" jsinstance=""0"" jstcache=""287""></span><span class=""section-review-star section-review-star-active"" jsan=""7.section-review-star,7.section-review-star-active"" jsinstance=""1"" jstcache=""287""></span><span class=""section-review-star section-review-star-active"" jsan=""7.section-review-star,7.section-review-star-active"" jsinstance=""2"" jstcache=""287""></span><span class=""section-review-star section-review-star-active"" jsan=""7.section-review-star,7.section-review-star-active"" jsinstance=""3"" jstcache=""287""></span><span class=""section-review-star"" jsan=""7.section-review-star"" jsinstance=""*4"" jstcache=""287""></span> </span>",https://www.google.com/maps/contrib/117101147467978879774?hl=en-IN,"Good airport. Well maintained. Well behaved dedicated staff. In 1 of my experience toilets were not clean. But I blame travellers for it. Overall it's a good facility. Outside airport beware of fraudsters especially cab drivers
 Go for prepaid cab facility inside airport.",3 months ago
 vikash prasad ,"<span aria-label="" 5 stars "" class=""section-review-stars"" jsan=""7.section-review-stars,0.aria-label,0.role,t-1xcf3_7ROhA"" jstcache=""248"" role=""img""> <span class=""section-review-star section-review-star-active"" jsan=""7.section-review-star,7.section-review-star-active"" jsinstance=""0"" jstcache=""287""></span><span class=""section-review-star section-review-star-active"" jsan=""7.section-review-star,7.section-review-star-active"" jsinstance=""1"" jstcache=""287""></span><span class=""section-review-star section-review-star-active"" jsan=""7.section-review-star,7.section-review-star-active"" jsinstance=""2"" jstcache=""287""></span><span class=""section-review-star section-review-star-active"" jsan=""7.section-review-star,7.section-review-star-active"" jsinstance=""3"" jstcache=""287""></span><span class=""section-review-star section-review-star-active"" jsan=""7.section-review-star,7.section-review-star-active"" jsinstance=""*4"" jstcache=""287""></span> </span>",https://www.google.com/maps/contrib/103568187508492961527?hl=en-IN,"This is the best airport I have ever been. There's enough space in the terminal area and it never felt crowded. There are duty free shops both at departure as well as arrival of international terminal. The airport is very well connected with Howrah railway station. There's shuttle bus service charging Rs.50 for the same running 24x7. Earlier there was no bus connectivity during  late night. But now there are shuttle bus services running for the whole night after 1 hr. interval.
Facilities available- 1. Connectivity with Howrah Railway station 24x7. 2.Intercity bus will drop at Gate no.1or3 from there you can walk up to the airport terminal. 3. Lounges at both domestic and international terminal. 4. Clean washroom. 5.Duty free shop at both arrival and departure area of international flights. 6.Parking available on chargeable basis.",4 months ago
 Goutam Ghosh ,"<span aria-label="" 5 stars "" class=""section-review-stars"" jsan=""7.section-review-stars,0.aria-label,0.role,t-1xcf3_7ROhA"" jstcache=""248"" role=""img""> <span class=""section-review-star section-review-star-active"" jsan=""7.section-review-star,7.section-review-star-active"" jsinstance=""0"" jstcache=""287""></span><span class=""section-review-star section-review-star-active"" jsan=""7.section-review-star,7.section-review-star-active"" jsinstance=""1"" jstcache=""287""></span><span class=""section-review-star section-review-star-active"" jsan=""7.section-review-star,7.section-review-star-active"" jsinstance=""2"" jstcache=""287""></span><span class=""section-review-star section-review-star-active"" jsan=""7.section-review-star,7.section-review-star-active"" jsinstance=""3"" jstcache=""287""></span><span class=""section-review-star section-review-star-active"" jsan=""7.section-review-star,7.section-review-star-active"" jsinstance=""*4"" jstcache=""287""></span> </span>",https://www.google.com/maps/contrib/109415085498797037373?hl=en-IN,I went their on Friday 31 Jan 2020 and I found so much good change it was really impressed me......There's enough space in the terminal area and it never felt crowded. The airport is very well connected with Howrah railway station. There's shuttle bus service charging Rs.50 for the same running 24x7......,3 months ago
 subhankar pal ,"<span aria-label="" 5 stars "" class=""section-review-stars"" jsan=""7.section-review-stars,0.aria-label,0.role,t-1xcf3_7ROhA"" jstcache=""248"" role=""img""> <span class=""section-review-star section-review-star-active"" jsan=""7.section-review-star,7.section-review-star-active"" jsinstance=""0"" jstcache=""287""></span><span class=""section-review-star section-review-star-active"" jsan=""7.section-review-star,7.section-review-star-active"" jsinstance=""1"" jstcache=""287""></span><span class=""section-review-star section-review-star-active"" jsan=""7.section-review-star,7.section-review-star-active"" jsinstance=""2"" jstcache=""287""></span><span class=""section-review-star section-review-star-active"" jsan=""7.section-review-star,7.section-review-star-active"" jsinstance=""3"" jstcache=""287""></span><span class=""section-review-star section-review-star-active"" jsan=""7.section-review-star,7.section-review-star-active"" jsinstance=""*4"" jstcache=""287""></span> </span>",https://www.google.com/maps/contrib/108143480539402466756?hl=en-IN,"Nice ambiance, good food facilities. Love this airport. Flew into this airport four and five times. So far thankful we have not a problem. Security wasn't long like we didn't have to take off shoe's. We like flying into this airport great stories and fast to get to you gate. We will fly to this airport anytime. Bus to get you to the airport right there. Straight shot!!!",5 months ago
 SK NAZRUL RAHAMAN ,"<span aria-label="" 5 stars "" class=""section-review-stars"" jsan=""7.section-review-stars,0.aria-label,0.role,t-1xcf3_7ROhA"" jstcache=""248"" role=""img""> <span class=""section-review-star section-review-star-active"" jsan=""7.section-review-star,7.section-review-star-active"" jsinstance=""0"" jstcache=""287""></span><span class=""section-review-star section-review-star-active"" jsan=""7.section-review-star,7.section-review-star-active"" jsinstance=""1"" jstcache=""287""></span><span class=""section-review-star section-review-star-active"" jsan=""7.section-review-star,7.section-review-star-active"" jsinstance=""2"" jstcache=""287""></span><span class=""section-review-star section-review-star-active"" jsan=""7.section-review-star,7.section-review-star-active"" jsinstance=""3"" jstcache=""287""></span><span class=""section-review-star section-review-star-active"" jsan=""7.section-review-star,7.section-review-star-active"" jsinstance=""*4"" jstcache=""287""></span> </span>",https://www.google.com/maps/contrib/104812507002607632440?hl=en-IN,The busiest airport in eastern part of India. As they have departure and arrival in # different floors so it has become less crowded than before. The security is tight as well. It is well maintained.,2 months ago
 Masud Rana ,"<span aria-label="" 5 stars "" class=""section-review-stars"" jsan=""7.section-review-stars,0.aria-label,0.role,t-1xcf3_7ROhA"" jstcache=""248"" role=""img""> <span class=""section-review-star section-review-star-active"" jsan=""7.section-review-star,7.section-review-star-active"" jsinstance=""0"" jstcache=""287""></span><span class=""section-review-star section-review-star-active"" jsan=""7.section-review-star,7.section-review-star-active"" jsinstance=""1"" jstcache=""287""></span><span class=""section-review-star section-review-star-active"" jsan=""7.section-review-star,7.section-review-star-active"" jsinstance=""2"" jstcache=""287""></span><span class=""section-review-star section-review-star-active"" jsan=""7.section-review-star,7.section-review-star-active"" jsinstance=""3"" jstcache=""287""></span><span class=""section-review-star section-review-star-active"" jsan=""7.section-review-star,7.section-review-star-active"" jsinstance=""*4"" jstcache=""287""></span> </span>",https://www.google.com/maps/contrib/114196689864338596141?hl=en-IN,"Wow One of the largest airports in India. Both domestic and international terminals under one roof. Very well planned structure. A bit far away from city. Very neatly maintained. Clean & well-planned airport. Departure waiting area has so many shops and food outlets so passengers won't get bored. Security staff is very helpful. Moreover, it is a ver.",5 months ago
 HitendraSingh Kushwaha ,"<span aria-label="" 5 stars "" class=""section-review-stars"" jsan=""7.section-review-stars,0.aria-label,0.role,t-1xcf3_7ROhA"" jstcache=""248"" role=""img""> <span class=""section-review-star section-review-star-active"" jsan=""7.section-review-star,7.section-review-star-active"" jsinstance=""0"" jstcache=""287""></span><span class=""section-review-star section-review-star-active"" jsan=""7.section-review-star,7.section-review-star-active"" jsinstance=""1"" jstcache=""287""></span><span class=""section-review-star section-review-star-active"" jsan=""7.section-review-star,7.section-review-star-active"" jsinstance=""2"" jstcache=""287""></span><span class=""section-review-star section-review-star-active"" jsan=""7.section-review-star,7.section-review-star-active"" jsinstance=""3"" jstcache=""287""></span><span class=""section-review-star section-review-star-active"" jsan=""7.section-review-star,7.section-review-star-active"" jsinstance=""*4"" jstcache=""287""></span> </span>",https://www.google.com/maps/contrib/114743315028576540333?hl=en-IN,Best Airport in India. it also the most busiest airport in India. Interiors of the airport is really world class. During arrivals one can experience a glimpse of India's rich culture. Very well designed Airport.,3 months ago
 Gautam Kundu ,"<span aria-label="" 5 stars "" class=""section-review-stars"" jsan=""7.section-review-stars,0.aria-label,0.role,t-1xcf3_7ROhA"" jstcache=""248"" role=""img""> <span class=""section-review-star section-review-star-active"" jsan=""7.section-review-star,7.section-review-star-active"" jsinstance=""0"" jstcache=""287""></span><span class=""section-review-star section-review-star-active"" jsan=""7.section-review-star,7.section-review-star-active"" jsinstance=""1"" jstcache=""287""></span><span class=""section-review-star section-review-star-active"" jsan=""7.section-review-star,7.section-review-star-active"" jsinstance=""2"" jstcache=""287""></span><span class=""section-review-star section-review-star-active"" jsan=""7.section-review-star,7.section-review-star-active"" jsinstance=""3"" jstcache=""287""></span><span class=""section-review-star section-review-star-active"" jsan=""7.section-review-star,7.section-review-star-active"" jsinstance=""*4"" jstcache=""287""></span> </span>",https://www.google.com/maps/contrib/109045222077451971025?hl=en-IN,One of the best airports of Eastern India. Clean interiors. many facilities for travelers. There are duty free shops. Clean & well-planned airport. good food facilities.  Volvo bus stand just at a walking distance for ferrying passengers to different parts of Kolkata including to Howrah railway station.,2 months ago
 Sagar Chamoli ,"<span aria-label="" 4 stars "" class=""section-review-stars"" jsan=""7.section-review-stars,0.aria-label,0.role,t-1xcf3_7ROhA"" jstcache=""248"" role=""img""> <span class=""section-review-star section-review-star-active"" jsan=""7.section-review-star,7.section-review-star-active"" jsinstance=""0"" jstcache=""287""></span><span class=""section-review-star section-review-star-active"" jsan=""7.section-review-star,7.section-review-star-active"" jsinstance=""1"" jstcache=""287""></span><span class=""section-review-star section-review-star-active"" jsan=""7.section-review-star,7.section-review-star-active"" jsinstance=""2"" jstcache=""287""></span><span class=""section-review-star section-review-star-active"" jsan=""7.section-review-star,7.section-review-star-active"" jsinstance=""3"" jstcache=""287""></span><span class=""section-review-star"" jsan=""7.section-review-star"" jsinstance=""*4"" jstcache=""287""></span> </span>",https://www.google.com/maps/contrib/118099197370014128697?hl=en-IN,"Being a Metro city I expected that the airport will be similar to that of Mumbai, Delhi or Bangalore airport standards. But honestly, it's not. Though the staff here is probably one of the best staff I have seen across in any other airport. They are very helpful and treat you well. So the major credit for this 4 star rating is towards the wonderful staff.",3 months ago
 Vignesh Gajendran ,"<span aria-label="" 5 stars "" class=""section-review-stars"" jsan=""7.section-review-stars,0.aria-label,0.role,t-1xcf3_7ROhA"" jstcache=""248"" role=""img""> <span class=""section-review-star section-review-star-active"" jsan=""7.section-review-star,7.section-review-star-active"" jsinstance=""0"" jstcache=""287""></span><span class=""section-review-star section-review-star-active"" jsan=""7.section-review-star,7.section-review-star-active"" jsinstance=""1"" jstcache=""287""></span><span class=""section-review-star section-review-star-active"" jsan=""7.section-review-star,7.section-review-star-active"" jsinstance=""2"" jstcache=""287""></span><span class=""section-review-star section-review-star-active"" jsan=""7.section-review-star,7.section-review-star-active"" jsinstance=""3"" jstcache=""287""></span><span class=""section-review-star section-review-star-active"" jsan=""7.section-review-star,7.section-review-star-active"" jsinstance=""*4"" jstcache=""287""></span> </span>",https://www.google.com/maps/contrib/109659927506493123811?hl=en-IN,It's was biggest airport... You can book than cab is the smart thing... Because local vechile station is too far. Clean place. Lot of stores available. Especially book store too good... Lot of new collection is there.,2 months ago
 PRIYANKAR BANDURI ,"<span aria-label="" 5 stars "" class=""section-review-stars"" jsan=""7.section-review-stars,0.aria-label,0.role,t-1xcf3_7ROhA"" jstcache=""248"" role=""img""> <span class=""section-review-star section-review-star-active"" jsan=""7.section-review-star,7.section-review-star-active"" jsinstance=""0"" jstcache=""287""></span><span class=""section-review-star section-review-star-active"" jsan=""7.section-review-star,7.section-review-star-active"" jsinstance=""1"" jstcache=""287""></span><span class=""section-review-star section-review-star-active"" jsan=""7.section-review-star,7.section-review-star-active"" jsinstance=""2"" jstcache=""287""></span><span class=""section-review-star section-review-star-active"" jsan=""7.section-review-star,7.section-review-star-active"" jsinstance=""3"" jstcache=""287""></span><span class=""section-review-star section-review-star-active"" jsan=""7.section-review-star,7.section-review-star-active"" jsinstance=""*4"" jstcache=""287""></span> </span>",https://www.google.com/maps/contrib/115898861575309805954?hl=en-IN,Very nice clean place.  The best airport in India.  And the staff here is very very  helpful.  Very well-arranged.  I like this airport very well👍🙂,a month ago
 Saurabh Thakur ,"<span aria-label="" 4 stars "" class=""section-review-stars"" jsan=""7.section-review-stars,0.aria-label,0.role,t-1xcf3_7ROhA"" jstcache=""248"" role=""img""> <span class=""section-review-star section-review-star-active"" jsan=""7.section-review-star,7.section-review-star-active"" jsinstance=""0"" jstcache=""287""></span><span class=""section-review-star section-review-star-active"" jsan=""7.section-review-star,7.section-review-star-active"" jsinstance=""1"" jstcache=""287""></span><span class=""section-review-star section-review-star-active"" jsan=""7.section-review-star,7.section-review-star-active"" jsinstance=""2"" jstcache=""287""></span><span class=""section-review-star section-review-star-active"" jsan=""7.section-review-star,7.section-review-star-active"" jsinstance=""3"" jstcache=""287""></span><span class=""section-review-star"" jsan=""7.section-review-star"" jsinstance=""*4"" jstcache=""287""></span> </span>",https://www.google.com/maps/contrib/102305442478455878085?hl=en-IN,Very good airport with almost all required facilities. Few best thing I liked there was smoking zone which is very easy to find. Such facilities are very good for smokers and especially for people like me who hates smoking. Only thing I disliked there was security check. It was very time consuming for at around 9:00 PM on Sunday.,2 months ago
 Jayanta Chandra ,"<span aria-label="" 4 stars "" class=""section-review-stars"" jsan=""7.section-review-stars,0.aria-label,0.role,t-1xcf3_7ROhA"" jstcache=""248"" role=""img""> <span class=""section-review-star section-review-star-active"" jsan=""7.section-review-star,7.section-review-star-active"" jsinstance=""0"" jstcache=""287""></span><span class=""section-review-star section-review-star-active"" jsan=""7.section-review-star,7.section-review-star-active"" jsinstance=""1"" jstcache=""287""></span><span class=""section-review-star section-review-star-active"" jsan=""7.section-review-star,7.section-review-star-active"" jsinstance=""2"" jstcache=""287""></span><span class=""section-review-star section-review-star-active"" jsan=""7.section-review-star,7.section-review-star-active"" jsinstance=""3"" jstcache=""287""></span><span class=""section-review-star"" jsan=""7.section-review-star"" jsinstance=""*4"" jstcache=""287""></span> </span>",https://www.google.com/maps/contrib/109277385005897237938?hl=en-IN,One of the best airports in India. Very beautifully imagined and thoughtful construction. The whole airport is very lively with 24/7 shops inside. The maintenance is impeccable. There is less hassle in the check-ins and finding the gates. Though being a large airport one needs to walk a lot sometimes.,6 months ago
 Pratyay Halder ,"<span aria-label="" 4 stars "" class=""section-review-stars"" jsan=""7.section-review-stars,0.aria-label,0.role,t-1xcf3_7ROhA"" jstcache=""248"" role=""img""> <span class=""section-review-star section-review-star-active"" jsan=""7.section-review-star,7.section-review-star-active"" jsinstance=""0"" jstcache=""287""></span><span class=""section-review-star section-review-star-active"" jsan=""7.section-review-star,7.section-review-star-active"" jsinstance=""1"" jstcache=""287""></span><span class=""section-review-star section-review-star-active"" jsan=""7.section-review-star,7.section-review-star-active"" jsinstance=""2"" jstcache=""287""></span><span class=""section-review-star section-review-star-active"" jsan=""7.section-review-star,7.section-review-star-active"" jsinstance=""3"" jstcache=""287""></span><span class=""section-review-star"" jsan=""7.section-review-star"" jsinstance=""*4"" jstcache=""287""></span> </span>",https://www.google.com/maps/contrib/107570160235927109136?hl=en-IN,"Clean, well-planned and spacious airport. The boarding gates are not located far away from the security checkpoint, so there's no need to walk excessively. Departure waiting area has ample of shops and food outlets so passengers won't get bored. Security staff is courteous. 
Moreover, it is a very convenient airport for transit passengers because the domestic and international gates are near to each other, thus saving time for transit.",5 months ago
 Google Goggle ,"<span aria-label="" 5 stars "" class=""section-review-stars"" jsan=""7.section-review-stars,0.aria-label,0.role,t-1xcf3_7ROhA"" jstcache=""248"" role=""img""> <span class=""section-review-star section-review-star-active"" jsan=""7.section-review-star,7.section-review-star-active"" jsinstance=""0"" jstcache=""287""></span><span class=""section-review-star section-review-star-active"" jsan=""7.section-review-star,7.section-review-star-active"" jsinstance=""1"" jstcache=""287""></span><span class=""section-review-star section-review-star-active"" jsan=""7.section-review-star,7.section-review-star-active"" jsinstance=""2"" jstcache=""287""></span><span class=""section-review-star section-review-star-active"" jsan=""7.section-review-star,7.section-review-star-active"" jsinstance=""3"" jstcache=""287""></span><span class=""section-review-star section-review-star-active"" jsan=""7.section-review-star,7.section-review-star-active"" jsinstance=""*4"" jstcache=""287""></span> </span>",https://www.google.com/maps/contrib/115143385130960483902?hl=en-IN,"Ooh! Lovely airport. Not am I boasting of my hometown, but this airport is truly fantastic. All amenities of a proper airport available. Quick immigration check and boarding gate. Very nice😄😄",4 months ago
 Nihar Ranjan Biswas ,"<span aria-label="" 5 stars "" class=""section-review-stars"" jsan=""7.section-review-stars,0.aria-label,0.role,t-1xcf3_7ROhA"" jstcache=""248"" role=""img""> <span class=""section-review-star section-review-star-active"" jsan=""7.section-review-star,7.section-review-star-active"" jsinstance=""0"" jstcache=""287""></span><span class=""section-review-star section-review-star-active"" jsan=""7.section-review-star,7.section-review-star-active"" jsinstance=""1"" jstcache=""287""></span><span class=""section-review-star section-review-star-active"" jsan=""7.section-review-star,7.section-review-star-active"" jsinstance=""2"" jstcache=""287""></span><span class=""section-review-star section-review-star-active"" jsan=""7.section-review-star,7.section-review-star-active"" jsinstance=""3"" jstcache=""287""></span><span class=""section-review-star section-review-star-active"" jsan=""7.section-review-star,7.section-review-star-active"" jsinstance=""*4"" jstcache=""287""></span> </span>",https://www.google.com/maps/contrib/105690398644371609338?hl=en-IN,"Great airport! I am proud of my home town for it. Nicely planned airport. All amenities and facilities of an international airport available here. Sufficient space in terminal area. Neat and clean Loungue, waiting rooms.  Domestic and international terminals are under same roof thereby passengers do not get confused. Departure waiting area has a numbers of shop and food outlets for comfort of passengers. It is not far away from centre of city and well connected with VIP road. 💐💐💐",4 months ago
 subhamclick ,"<span aria-label="" 5 stars "" class=""section-review-stars"" jsan=""7.section-review-stars,0.aria-label,0.role,t-1xcf3_7ROhA"" jstcache=""248"" role=""img""> <span class=""section-review-star section-review-star-active"" jsan=""7.section-review-star,7.section-review-star-active"" jsinstance=""0"" jstcache=""287""></span><span class=""section-review-star section-review-star-active"" jsan=""7.section-review-star,7.section-review-star-active"" jsinstance=""1"" jstcache=""287""></span><span class=""section-review-star section-review-star-active"" jsan=""7.section-review-star,7.section-review-star-active"" jsinstance=""2"" jstcache=""287""></span><span class=""section-review-star section-review-star-active"" jsan=""7.section-review-star,7.section-review-star-active"" jsinstance=""3"" jstcache=""287""></span><span class=""section-review-star section-review-star-active"" jsan=""7.section-review-star,7.section-review-star-active"" jsinstance=""*4"" jstcache=""287""></span> </span>",https://www.google.com/maps/contrib/101103469141616492923?hl=en-IN,One of the most busiest airports in India. And also one of the safest. Very friendly employees starting from the army/police to the employees of the different airlines.,a month ago
 Ranjana Mohanta ,"<span aria-label="" 5 stars "" class=""section-review-stars"" jsan=""7.section-review-stars,0.aria-label,0.role,t-1xcf3_7ROhA"" jstcache=""248"" role=""img""> <span class=""section-review-star section-review-star-active"" jsan=""7.section-review-star,7.section-review-star-active"" jsinstance=""0"" jstcache=""287""></span><span class=""section-review-star section-review-star-active"" jsan=""7.section-review-star,7.section-review-star-active"" jsinstance=""1"" jstcache=""287""></span><span class=""section-review-star section-review-star-active"" jsan=""7.section-review-star,7.section-review-star-active"" jsinstance=""2"" jstcache=""287""></span><span class=""section-review-star section-review-star-active"" jsan=""7.section-review-star,7.section-review-star-active"" jsinstance=""3"" jstcache=""287""></span><span class=""section-review-star section-review-star-active"" jsan=""7.section-review-star,7.section-review-star-active"" jsinstance=""*4"" jstcache=""287""></span> </span>",https://www.google.com/maps/contrib/113795761879736481999?hl=en-IN,"Nice and spacious Airport , good food facilities clean washrooms. Love this airport.  So far thankful we didn't have any sort of problem. Security wasn't that's time taking the equipments are pretty good ...",5 months ago
 Chinmoy Khanra ,"<span aria-label="" 5 stars "" class=""section-review-stars"" jsan=""7.section-review-stars,0.aria-label,0.role,t-1xcf3_7ROhA"" jstcache=""248"" role=""img""> <span class=""section-review-star section-review-star-active"" jsan=""7.section-review-star,7.section-review-star-active"" jsinstance=""0"" jstcache=""287""></span><span class=""section-review-star section-review-star-active"" jsan=""7.section-review-star,7.section-review-star-active"" jsinstance=""1"" jstcache=""287""></span><span class=""section-review-star section-review-star-active"" jsan=""7.section-review-star,7.section-review-star-active"" jsinstance=""2"" jstcache=""287""></span><span class=""section-review-star section-review-star-active"" jsan=""7.section-review-star,7.section-review-star-active"" jsinstance=""3"" jstcache=""287""></span><span class=""section-review-star section-review-star-active"" jsan=""7.section-review-star,7.section-review-star-active"" jsinstance=""*4"" jstcache=""287""></span> </span>",https://www.google.com/maps/contrib/111947517151732204252?hl=en-IN,New infrastructure of Netaji Subhas Chandra Bose International Airport  it's really spectacular view . Here security is well checked . Many of aviation industry collaboration with this airport. Every place is neat and clean .,2 months ago
 Ranjit Ranjan ,"<span aria-label="" 4 stars "" class=""section-review-stars"" jsan=""7.section-review-stars,0.aria-label,0.role,t-1xcf3_7ROhA"" jstcache=""248"" role=""img""> <span class=""section-review-star section-review-star-active"" jsan=""7.section-review-star,7.section-review-star-active"" jsinstance=""0"" jstcache=""287""></span><span class=""section-review-star section-review-star-active"" jsan=""7.section-review-star,7.section-review-star-active"" jsinstance=""1"" jstcache=""287""></span><span class=""section-review-star section-review-star-active"" jsan=""7.section-review-star,7.section-review-star-active"" jsinstance=""2"" jstcache=""287""></span><span class=""section-review-star section-review-star-active"" jsan=""7.section-review-star,7.section-review-star-active"" jsinstance=""3"" jstcache=""287""></span><span class=""section-review-star"" jsan=""7.section-review-star"" jsinstance=""*4"" jstcache=""287""></span> </span>",https://www.google.com/maps/contrib/108408855823937058737?hl=en-IN,It is good Airport in Eastern India. New Airport is far better than old one. The facility is good. There are two lounges at kolkata Airport at domestic Airport. One can experience the shopping too at the airport.,3 months ago
 Safar with Sunny ,"<span aria-label="" 5 stars "" class=""section-review-stars"" jsan=""7.section-review-stars,0.aria-label,0.role,t-1xcf3_7ROhA"" jstcache=""248"" role=""img""> <span class=""section-review-star section-review-star-active"" jsan=""7.section-review-star,7.section-review-star-active"" jsinstance=""0"" jstcache=""287""></span><span class=""section-review-star section-review-star-active"" jsan=""7.section-review-star,7.section-review-star-active"" jsinstance=""1"" jstcache=""287""></span><span class=""section-review-star section-review-star-active"" jsan=""7.section-review-star,7.section-review-star-active"" jsinstance=""2"" jstcache=""287""></span><span class=""section-review-star section-review-star-active"" jsan=""7.section-review-star,7.section-review-star-active"" jsinstance=""3"" jstcache=""287""></span><span class=""section-review-star section-review-star-active"" jsan=""7.section-review-star,7.section-review-star-active"" jsinstance=""*4"" jstcache=""287""></span> </span>",https://www.google.com/maps/contrib/105981371819065692416?hl=en-IN,Very well planned structure. Very good place. This is best international airport in India.,a month ago
 Soief Ali ,"<span aria-label="" 4 stars "" class=""section-review-stars"" jsan=""7.section-review-stars,0.aria-label,0.role,t-1xcf3_7ROhA"" jstcache=""248"" role=""img""> <span class=""section-review-star section-review-star-active"" jsan=""7.section-review-star,7.section-review-star-active"" jsinstance=""0"" jstcache=""287""></span><span class=""section-review-star section-review-star-active"" jsan=""7.section-review-star,7.section-review-star-active"" jsinstance=""1"" jstcache=""287""></span><span class=""section-review-star section-review-star-active"" jsan=""7.section-review-star,7.section-review-star-active"" jsinstance=""2"" jstcache=""287""></span><span class=""section-review-star section-review-star-active"" jsan=""7.section-review-star,7.section-review-star-active"" jsinstance=""3"" jstcache=""287""></span><span class=""section-review-star"" jsan=""7.section-review-star"" jsinstance=""*4"" jstcache=""287""></span> </span>",https://www.google.com/maps/contrib/114717793251654176859?hl=en-IN,"In terms of size and facility, this airport is one of the top most. All kind of travel amenities like restaurant, launge, shopping etc are available with reasonable price tags.

Cab service is good but not the best. Many a times I struggle to find a cab (airport taxi, Ola or Uber).

The location of Kolkata Airport is truly awesome unlike other international airports in India. It's not far from the main city.",2 months ago
 Mugesh Veluswamy ,"<span aria-label="" 4 stars "" class=""section-review-stars"" jsan=""7.section-review-stars,0.aria-label,0.role,t-1xcf3_7ROhA"" jstcache=""248"" role=""img""> <span class=""section-review-star section-review-star-active"" jsan=""7.section-review-star,7.section-review-star-active"" jsinstance=""0"" jstcache=""287""></span><span class=""section-review-star section-review-star-active"" jsan=""7.section-review-star,7.section-review-star-active"" jsinstance=""1"" jstcache=""287""></span><span class=""section-review-star section-review-star-active"" jsan=""7.section-review-star,7.section-review-star-active"" jsinstance=""2"" jstcache=""287""></span><span class=""section-review-star section-review-star-active"" jsan=""7.section-review-star,7.section-review-star-active"" jsinstance=""3"" jstcache=""287""></span><span class=""section-review-star"" jsan=""7.section-review-star"" jsinstance=""*4"" jstcache=""287""></span> </span>",https://www.google.com/maps/contrib/113056510297095968044?hl=en-IN,A nice airport visually. But the luggage checking area and security check area is very less takes a lot off time to get to to the gates because of that otherwise it's one beautiful airport.. Has a many shops inside it too but the items sold out inside the airport is a but expensive,4 months ago
 MD RAKIBUZ SULTAN ,"<span aria-label="" 4 stars "" class=""section-review-stars"" jsan=""7.section-review-stars,0.aria-label,0.role,t-1xcf3_7ROhA"" jstcache=""248"" role=""img""> <span class=""section-review-star section-review-star-active"" jsan=""7.section-review-star,7.section-review-star-active"" jsinstance=""0"" jstcache=""287""></span><span class=""section-review-star section-review-star-active"" jsan=""7.section-review-star,7.section-review-star-active"" jsinstance=""1"" jstcache=""287""></span><span class=""section-review-star section-review-star-active"" jsan=""7.section-review-star,7.section-review-star-active"" jsinstance=""2"" jstcache=""287""></span><span class=""section-review-star section-review-star-active"" jsan=""7.section-review-star,7.section-review-star-active"" jsinstance=""3"" jstcache=""287""></span><span class=""section-review-star"" jsan=""7.section-review-star"" jsinstance=""*4"" jstcache=""287""></span> </span>",https://www.google.com/maps/contrib/106447870134482131994?hl=en-IN,"Wonderful management of all airport facilities and well decorated. On the other hand there are lots of issues that need to be improved. Like no wifi facilities for non Indian passengers, Food price is dramatically high ( Price of 1 Singara is 80 Indian Rupee), No sleeping room that's why passengers having long transit or layover time feel bored, A good thing to be noticed is there are lots of phone and electronics device charging corner.",3 months ago
 Rahul Jain ,"<span aria-label="" 5 stars "" class=""section-review-stars"" jsan=""7.section-review-stars,0.aria-label,0.role,t-1xcf3_7ROhA"" jstcache=""248"" role=""img""> <span class=""section-review-star section-review-star-active"" jsan=""7.section-review-star,7.section-review-star-active"" jsinstance=""0"" jstcache=""287""></span><span class=""section-review-star section-review-star-active"" jsan=""7.section-review-star,7.section-review-star-active"" jsinstance=""1"" jstcache=""287""></span><span class=""section-review-star section-review-star-active"" jsan=""7.section-review-star,7.section-review-star-active"" jsinstance=""2"" jstcache=""287""></span><span class=""section-review-star section-review-star-active"" jsan=""7.section-review-star,7.section-review-star-active"" jsinstance=""3"" jstcache=""287""></span><span class=""section-review-star section-review-star-active"" jsan=""7.section-review-star,7.section-review-star-active"" jsinstance=""*4"" jstcache=""287""></span> </span>",https://www.google.com/maps/contrib/115182060764101012235?hl=en-IN,"Netaji Subhash Chandra Bose International Airport, Great Facilities, nice infra, good veg foods, coffee, tea all is available here.

You can also get flight to every corner of India from here. 

One of the biggest and crowded airport like Delhi and Mumbai.

Other stuffs are well and overall great Air Port.",2 months ago
 Debasish Sengupta ,"<span aria-label="" 5 stars "" class=""section-review-stars"" jsan=""7.section-review-stars,0.aria-label,0.role,t-1xcf3_7ROhA"" jstcache=""248"" role=""img""> <span class=""section-review-star section-review-star-active"" jsan=""7.section-review-star,7.section-review-star-active"" jsinstance=""0"" jstcache=""287""></span><span class=""section-review-star section-review-star-active"" jsan=""7.section-review-star,7.section-review-star-active"" jsinstance=""1"" jstcache=""287""></span><span class=""section-review-star section-review-star-active"" jsan=""7.section-review-star,7.section-review-star-active"" jsinstance=""2"" jstcache=""287""></span><span class=""section-review-star section-review-star-active"" jsan=""7.section-review-star,7.section-review-star-active"" jsinstance=""3"" jstcache=""287""></span><span class=""section-review-star section-review-star-active"" jsan=""7.section-review-star,7.section-review-star-active"" jsinstance=""*4"" jstcache=""287""></span> </span>",https://www.google.com/maps/contrib/106805246296313152832?hl=en-IN,"Well connected  to the city. Not far from city centre. Food stalls inside very costly. Within 500 metres, no.of eateries  available with cheap price. Adjacent  a Volvo bus stand. Besides that prepaid  taxi counters also there. However  if you know your destination  properly than Uber is the best option.",3 months ago
 Anuraj Chaudhuri ,"<span aria-label="" 4 stars "" class=""section-review-stars"" jsan=""7.section-review-stars,0.aria-label,0.role,t-1xcf3_7ROhA"" jstcache=""248"" role=""img""> <span class=""section-review-star section-review-star-active"" jsan=""7.section-review-star,7.section-review-star-active"" jsinstance=""0"" jstcache=""287""></span><span class=""section-review-star section-review-star-active"" jsan=""7.section-review-star,7.section-review-star-active"" jsinstance=""1"" jstcache=""287""></span><span class=""section-review-star section-review-star-active"" jsan=""7.section-review-star,7.section-review-star-active"" jsinstance=""2"" jstcache=""287""></span><span class=""section-review-star section-review-star-active"" jsan=""7.section-review-star,7.section-review-star-active"" jsinstance=""3"" jstcache=""287""></span><span class=""section-review-star"" jsan=""7.section-review-star"" jsinstance=""*4"" jstcache=""287""></span> </span>",https://www.google.com/maps/contrib/106192300725827767383?hl=en-IN,"A well managed airport with moderate beautification. While other major airports are getting revamped, I think it is high time that Netaji Subhash Chandra Bose International Airport also get a touch of modernization and beautification. As it is not so busy an airport like the Indira Gandhi International Airport, you will find the inside to be specious. It is also a very compact airport and, as a result, travellers don't get confused.",5 months ago
 Sangeeta Tiwari ,"<span aria-label="" 5 stars "" class=""section-review-stars"" jsan=""7.section-review-stars,0.aria-label,0.role,t-1xcf3_7ROhA"" jstcache=""248"" role=""img""> <span class=""section-review-star section-review-star-active"" jsan=""7.section-review-star,7.section-review-star-active"" jsinstance=""0"" jstcache=""287""></span><span class=""section-review-star section-review-star-active"" jsan=""7.section-review-star,7.section-review-star-active"" jsinstance=""1"" jstcache=""287""></span><span class=""section-review-star section-review-star-active"" jsan=""7.section-review-star,7.section-review-star-active"" jsinstance=""2"" jstcache=""287""></span><span class=""section-review-star section-review-star-active"" jsan=""7.section-review-star,7.section-review-star-active"" jsinstance=""3"" jstcache=""287""></span><span class=""section-review-star section-review-star-active"" jsan=""7.section-review-star,7.section-review-star-active"" jsinstance=""*4"" jstcache=""287""></span> </span>",https://www.google.com/maps/contrib/105900450611419297413?hl=en-IN,Wonderful Airport. I loved the building's standard. Fast check-in available.,2 months ago
 Easita Das ,"<span aria-label="" 4 stars "" class=""section-review-stars"" jsan=""7.section-review-stars,0.aria-label,0.role,t-1xcf3_7ROhA"" jstcache=""248"" role=""img""> <span class=""section-review-star section-review-star-active"" jsan=""7.section-review-star,7.section-review-star-active"" jsinstance=""0"" jstcache=""287""></span><span class=""section-review-star section-review-star-active"" jsan=""7.section-review-star,7.section-review-star-active"" jsinstance=""1"" jstcache=""287""></span><span class=""section-review-star section-review-star-active"" jsan=""7.section-review-star,7.section-review-star-active"" jsinstance=""2"" jstcache=""287""></span><span class=""section-review-star section-review-star-active"" jsan=""7.section-review-star,7.section-review-star-active"" jsinstance=""3"" jstcache=""287""></span><span class=""section-review-star"" jsan=""7.section-review-star"" jsinstance=""*4"" jstcache=""287""></span> </span>",https://www.google.com/maps/contrib/112184156916123378822?hl=en-IN,"Well maintained airport with ample choices for food and quick shopping. Washrooms are clean, though I wish the waiting chairs were cleaned regularly.",a month ago
 Himanshu Chitransh ,"<span aria-label="" 4 stars "" class=""section-review-stars"" jsan=""7.section-review-stars,0.aria-label,0.role,t-1xcf3_7ROhA"" jstcache=""248"" role=""img""> <span class=""section-review-star section-review-star-active"" jsan=""7.section-review-star,7.section-review-star-active"" jsinstance=""0"" jstcache=""287""></span><span class=""section-review-star section-review-star-active"" jsan=""7.section-review-star,7.section-review-star-active"" jsinstance=""1"" jstcache=""287""></span><span class=""section-review-star section-review-star-active"" jsan=""7.section-review-star,7.section-review-star-active"" jsinstance=""2"" jstcache=""287""></span><span class=""section-review-star section-review-star-active"" jsan=""7.section-review-star,7.section-review-star-active"" jsinstance=""3"" jstcache=""287""></span><span class=""section-review-star"" jsan=""7.section-review-star"" jsinstance=""*4"" jstcache=""287""></span> </span>",https://www.google.com/maps/contrib/117570408811478559581?hl=en-IN,Good ambience and Clean airport with helpful staffs. Security check In takes alot time here. A range of food courts to enjoy your meal. All over a great experience.,5 months ago
 Sumita Hazra ,"<span aria-label="" 5 stars "" class=""section-review-stars"" jsan=""7.section-review-stars,0.aria-label,0.role,t-1xcf3_7ROhA"" jstcache=""248"" role=""img""> <span class=""section-review-star section-review-star-active"" jsan=""7.section-review-star,7.section-review-star-active"" jsinstance=""0"" jstcache=""287""></span><span class=""section-review-star section-review-star-active"" jsan=""7.section-review-star,7.section-review-star-active"" jsinstance=""1"" jstcache=""287""></span><span class=""section-review-star section-review-star-active"" jsan=""7.section-review-star,7.section-review-star-active"" jsinstance=""2"" jstcache=""287""></span><span class=""section-review-star section-review-star-active"" jsan=""7.section-review-star,7.section-review-star-active"" jsinstance=""3"" jstcache=""287""></span><span class=""section-review-star section-review-star-active"" jsan=""7.section-review-star,7.section-review-star-active"" jsinstance=""*4"" jstcache=""287""></span> </span>",https://www.google.com/maps/contrib/105376441498063752653?hl=en-IN,"Clean, maintain & crowded Airport.It's a largest airport of east India. In India it's a 5th busiest international airport.More development is going on.",a month ago
 Rani Chatterjee ,"<span aria-label="" 4 stars "" class=""section-review-stars"" jsan=""7.section-review-stars,0.aria-label,0.role,t-1xcf3_7ROhA"" jstcache=""248"" role=""img""> <span class=""section-review-star section-review-star-active"" jsan=""7.section-review-star,7.section-review-star-active"" jsinstance=""0"" jstcache=""287""></span><span class=""section-review-star section-review-star-active"" jsan=""7.section-review-star,7.section-review-star-active"" jsinstance=""1"" jstcache=""287""></span><span class=""section-review-star section-review-star-active"" jsan=""7.section-review-star,7.section-review-star-active"" jsinstance=""2"" jstcache=""287""></span><span class=""section-review-star section-review-star-active"" jsan=""7.section-review-star,7.section-review-star-active"" jsinstance=""3"" jstcache=""287""></span><span class=""section-review-star"" jsan=""7.section-review-star"" jsinstance=""*4"" jstcache=""287""></span> </span>",https://www.google.com/maps/contrib/112283195423283442145?hl=en-IN,"Connects to almost all major cities in India and abroad.
Has wheelchair facility.
Shops are there too.
Can be improved.",2 months ago
 Subhadra Dutta ,"<span aria-label="" 5 stars "" class=""section-review-stars"" jsan=""7.section-review-stars,0.aria-label,0.role,t-1xcf3_7ROhA"" jstcache=""248"" role=""img""> <span class=""section-review-star section-review-star-active"" jsan=""7.section-review-star,7.section-review-star-active"" jsinstance=""0"" jstcache=""287""></span><span class=""section-review-star section-review-star-active"" jsan=""7.section-review-star,7.section-review-star-active"" jsinstance=""1"" jstcache=""287""></span><span class=""section-review-star section-review-star-active"" jsan=""7.section-review-star,7.section-review-star-active"" jsinstance=""2"" jstcache=""287""></span><span class=""section-review-star section-review-star-active"" jsan=""7.section-review-star,7.section-review-star-active"" jsinstance=""3"" jstcache=""287""></span><span class=""section-review-star section-review-star-active"" jsan=""7.section-review-star,7.section-review-star-active"" jsinstance=""*4"" jstcache=""287""></span> </span>",https://www.google.com/maps/contrib/111538281678508965551?hl=en-IN,Clean and well maintained airport. Broad area. Well decorated. Love it.,2 months ago
 Sirsendu Das ,"<span aria-label="" 5 stars "" class=""section-review-stars"" jsan=""7.section-review-stars,0.aria-label,0.role,t-1xcf3_7ROhA"" jstcache=""248"" role=""img""> <span class=""section-review-star section-review-star-active"" jsan=""7.section-review-star,7.section-review-star-active"" jsinstance=""0"" jstcache=""287""></span><span class=""section-review-star section-review-star-active"" jsan=""7.section-review-star,7.section-review-star-active"" jsinstance=""1"" jstcache=""287""></span><span class=""section-review-star section-review-star-active"" jsan=""7.section-review-star,7.section-review-star-active"" jsinstance=""2"" jstcache=""287""></span><span class=""section-review-star section-review-star-active"" jsan=""7.section-review-star,7.section-review-star-active"" jsinstance=""3"" jstcache=""287""></span><span class=""section-review-star section-review-star-active"" jsan=""7.section-review-star,7.section-review-star-active"" jsinstance=""*4"" jstcache=""287""></span> </span>",https://www.google.com/maps/contrib/101193725765207510293?hl=en-IN,"Great airport, laced with all the modern facilities tio serve the passengers 24 X 7. The rest rooms are very clean and waiting lounges provide best of the comfort. Only one thing that bothers the passengers are the airport staff. They should be more proactive to help a passenger and resolve the any concern immediately.",4 months ago
 N K ,"<span aria-label="" 5 stars "" class=""section-review-stars"" jsan=""7.section-review-stars,0.aria-label,0.role,t-1xcf3_7ROhA"" jstcache=""248"" role=""img""> <span class=""section-review-star section-review-star-active"" jsan=""7.section-review-star,7.section-review-star-active"" jsinstance=""0"" jstcache=""287""></span><span class=""section-review-star section-review-star-active"" jsan=""7.section-review-star,7.section-review-star-active"" jsinstance=""1"" jstcache=""287""></span><span class=""section-review-star section-review-star-active"" jsan=""7.section-review-star,7.section-review-star-active"" jsinstance=""2"" jstcache=""287""></span><span class=""section-review-star section-review-star-active"" jsan=""7.section-review-star,7.section-review-star-active"" jsinstance=""3"" jstcache=""287""></span><span class=""section-review-star section-review-star-active"" jsan=""7.section-review-star,7.section-review-star-active"" jsinstance=""*4"" jstcache=""287""></span> </span>",https://www.google.com/maps/contrib/114004989467050105972?hl=en-IN,"The best airport I have ever seen. Maintained very nicely, very neat and clean. Ample sitting arrangement, drinking water everywhere. There are display boards everywhere. It has got shops and some small restaurant inside it which is available 24/7.",6 months ago
 KS Studio ,"<span aria-label="" 5 stars "" class=""section-review-stars"" jsan=""7.section-review-stars,0.aria-label,0.role,t-1xcf3_7ROhA"" jstcache=""248"" role=""img""> <span class=""section-review-star section-review-star-active"" jsan=""7.section-review-star,7.section-review-star-active"" jsinstance=""0"" jstcache=""287""></span><span class=""section-review-star section-review-star-active"" jsan=""7.section-review-star,7.section-review-star-active"" jsinstance=""1"" jstcache=""287""></span><span class=""section-review-star section-review-star-active"" jsan=""7.section-review-star,7.section-review-star-active"" jsinstance=""2"" jstcache=""287""></span><span class=""section-review-star section-review-star-active"" jsan=""7.section-review-star,7.section-review-star-active"" jsinstance=""3"" jstcache=""287""></span><span class=""section-review-star section-review-star-active"" jsan=""7.section-review-star,7.section-review-star-active"" jsinstance=""*4"" jstcache=""287""></span> </span>",https://www.google.com/maps/contrib/117609011821431908420?hl=en-IN,Great 👍 Experience beautiful atmosphere.. beautiful 😍 Environment and tight security with testy foods outlets..I love it..,a month ago
 sankar balaram ,"<span aria-label="" 5 stars "" class=""section-review-stars"" jsan=""7.section-review-stars,0.aria-label,0.role,t-1xcf3_7ROhA"" jstcache=""248"" role=""img""> <span class=""section-review-star section-review-star-active"" jsan=""7.section-review-star,7.section-review-star-active"" jsinstance=""0"" jstcache=""287""></span><span class=""section-review-star section-review-star-active"" jsan=""7.section-review-star,7.section-review-star-active"" jsinstance=""1"" jstcache=""287""></span><span class=""section-review-star section-review-star-active"" jsan=""7.section-review-star,7.section-review-star-active"" jsinstance=""2"" jstcache=""287""></span><span class=""section-review-star section-review-star-active"" jsan=""7.section-review-star,7.section-review-star-active"" jsinstance=""3"" jstcache=""287""></span><span class=""section-review-star section-review-star-active"" jsan=""7.section-review-star,7.section-review-star-active"" jsinstance=""*4"" jstcache=""287""></span> </span>",https://www.google.com/maps/contrib/117135568571294324264?hl=en-IN,Very spacious and lavish. Dispaly of information at sufficient places. Lifts provided for ground to first floor. Outside Airport eatery available. Bags arrive on belt in time. The custom free liquor shops reasonable. Most of the time you will find good offers. Handling of luggage bags also good.,6 months ago
 Pratap Chandra ,"<span aria-label="" 4 stars "" class=""section-review-stars"" jsan=""7.section-review-stars,0.aria-label,0.role,t-1xcf3_7ROhA"" jstcache=""248"" role=""img""> <span class=""section-review-star section-review-star-active"" jsan=""7.section-review-star,7.section-review-star-active"" jsinstance=""0"" jstcache=""287""></span><span class=""section-review-star section-review-star-active"" jsan=""7.section-review-star,7.section-review-star-active"" jsinstance=""1"" jstcache=""287""></span><span class=""section-review-star section-review-star-active"" jsan=""7.section-review-star,7.section-review-star-active"" jsinstance=""2"" jstcache=""287""></span><span class=""section-review-star section-review-star-active"" jsan=""7.section-review-star,7.section-review-star-active"" jsinstance=""3"" jstcache=""287""></span><span class=""section-review-star"" jsan=""7.section-review-star"" jsinstance=""*4"" jstcache=""287""></span> </span>",https://www.google.com/maps/contrib/115201002104006106196?hl=en-IN,Beautiful airport. It's a huge and very nicely decorated airport. A huge number of domestic and international flights operates from here. I was here for my connecting flight but did not get much time to explore due to lack of time. It's really nice experience to be here.,5 months ago
 Aniket Chakraborty ,"<span aria-label="" 2 stars "" class=""section-review-stars"" jsan=""7.section-review-stars,0.aria-label,0.role,t-1xcf3_7ROhA"" jstcache=""248"" role=""img""> <span class=""section-review-star section-review-star-active"" jsan=""7.section-review-star,7.section-review-star-active"" jsinstance=""0"" jstcache=""287""></span><span class=""section-review-star section-review-star-active"" jsan=""7.section-review-star,7.section-review-star-active"" jsinstance=""1"" jstcache=""287""></span><span class=""section-review-star"" jsan=""7.section-review-star"" jsinstance=""2"" jstcache=""287""></span><span class=""section-review-star"" jsan=""7.section-review-star"" jsinstance=""3"" jstcache=""287""></span><span class=""section-review-star"" jsan=""7.section-review-star"" jsinstance=""*4"" jstcache=""287""></span> </span>",https://www.google.com/maps/contrib/115755852881388024797?hl=en-IN,Although i have huge love and respect for this city but the airport doesn't match the domestic as well as international standards. The toilets are so clumsy. The conveyer belt is so dirty. The lights are so lazy. It looks more like a hospital lobby rather than an airport. I hope the official should take some examples from other airports.,3 months ago
 Arojit Ghosh ,"<span aria-label="" 5 stars "" class=""section-review-stars"" jsan=""7.section-review-stars,0.aria-label,0.role,t-1xcf3_7ROhA"" jstcache=""248"" role=""img""> <span class=""section-review-star section-review-star-active"" jsan=""7.section-review-star,7.section-review-star-active"" jsinstance=""0"" jstcache=""287""></span><span class=""section-review-star section-review-star-active"" jsan=""7.section-review-star,7.section-review-star-active"" jsinstance=""1"" jstcache=""287""></span><span class=""section-review-star section-review-star-active"" jsan=""7.section-review-star,7.section-review-star-active"" jsinstance=""2"" jstcache=""287""></span><span class=""section-review-star section-review-star-active"" jsan=""7.section-review-star,7.section-review-star-active"" jsinstance=""3"" jstcache=""287""></span><span class=""section-review-star section-review-star-active"" jsan=""7.section-review-star,7.section-review-star-active"" jsinstance=""*4"" jstcache=""287""></span> </span>",https://www.google.com/maps/contrib/104055810194503947869?hl=en-IN,The best airport in Eastern Region of India.. Nicely decorate by Airport Authority of India. You can get All aeroplans  International or Domestic are from here.,2 months ago
 Janardhan Munnelli ,"<span aria-label="" 5 stars "" class=""section-review-stars"" jsan=""7.section-review-stars,0.aria-label,0.role,t-1xcf3_7ROhA"" jstcache=""248"" role=""img""> <span class=""section-review-star section-review-star-active"" jsan=""7.section-review-star,7.section-review-star-active"" jsinstance=""0"" jstcache=""287""></span><span class=""section-review-star section-review-star-active"" jsan=""7.section-review-star,7.section-review-star-active"" jsinstance=""1"" jstcache=""287""></span><span class=""section-review-star section-review-star-active"" jsan=""7.section-review-star,7.section-review-star-active"" jsinstance=""2"" jstcache=""287""></span><span class=""section-review-star section-review-star-active"" jsan=""7.section-review-star,7.section-review-star-active"" jsinstance=""3"" jstcache=""287""></span><span class=""section-review-star section-review-star-active"" jsan=""7.section-review-star,7.section-review-star-active"" jsinstance=""*4"" jstcache=""287""></span> </span>",https://www.google.com/maps/contrib/107470895425440465796?hl=en-IN,"Located at a distance of 15 km from the city, in the Dum Dum region, the airport is known to attract many tourists and businessmen from across the nation as well as the world. Hosting over 15 million passengers every year, the airport has earned the reputation of being one of the busiest in the nation. Spanning over a massive area of 2,460 acres, the airport houses one domestic, one international and one cargo terminal, complete with an additional terminal for secondary traffic. The airport also comprises of as many as 128 check-in counters, 78 immigration counters along with 12 customs counters. With two Asphalt runways to cater to almost all types of aircrafts, the airport is easily one of the best in India.",5 months ago
 Photosticlife ,"<span aria-label="" 5 stars "" class=""section-review-stars"" jsan=""7.section-review-stars,0.aria-label,0.role,t-1xcf3_7ROhA"" jstcache=""248"" role=""img""> <span class=""section-review-star section-review-star-active"" jsan=""7.section-review-star,7.section-review-star-active"" jsinstance=""0"" jstcache=""287""></span><span class=""section-review-star section-review-star-active"" jsan=""7.section-review-star,7.section-review-star-active"" jsinstance=""1"" jstcache=""287""></span><span class=""section-review-star section-review-star-active"" jsan=""7.section-review-star,7.section-review-star-active"" jsinstance=""2"" jstcache=""287""></span><span class=""section-review-star section-review-star-active"" jsan=""7.section-review-star,7.section-review-star-active"" jsinstance=""3"" jstcache=""287""></span><span class=""section-review-star section-review-star-active"" jsan=""7.section-review-star,7.section-review-star-active"" jsinstance=""*4"" jstcache=""287""></span> </span>",https://www.google.com/maps/contrib/101324253818752428373?hl=en-IN,Nice & large airport plus it has domestic and international under same roof which helps passengers who wants to take domestic flights coming from international flight or vice versa.,2 months ago
 Shawn Jones ,"<span aria-label="" 5 stars "" class=""section-review-stars"" jsan=""7.section-review-stars,0.aria-label,0.role,t-1xcf3_7ROhA"" jstcache=""248"" role=""img""> <span class=""section-review-star section-review-star-active"" jsan=""7.section-review-star,7.section-review-star-active"" jsinstance=""0"" jstcache=""287""></span><span class=""section-review-star section-review-star-active"" jsan=""7.section-review-star,7.section-review-star-active"" jsinstance=""1"" jstcache=""287""></span><span class=""section-review-star section-review-star-active"" jsan=""7.section-review-star,7.section-review-star-active"" jsinstance=""2"" jstcache=""287""></span><span class=""section-review-star section-review-star-active"" jsan=""7.section-review-star,7.section-review-star-active"" jsinstance=""3"" jstcache=""287""></span><span class=""section-review-star section-review-star-active"" jsan=""7.section-review-star,7.section-review-star-active"" jsinstance=""*4"" jstcache=""287""></span> </span>",https://www.google.com/maps/contrib/114524146855283979313?hl=en-IN,"After the renovation of the airport, it has increased visitors and passengers alike. Well maintained and one of the best salons in Kolkata are near by in City Centre 2 Mall. Toni & Guy is a great place to get a quick haircut in or out from the airport.",2 months ago
 Nilkantha Chatterjee ,"<span aria-label="" 4 stars "" class=""section-review-stars"" jsan=""7.section-review-stars,0.aria-label,0.role,t-1xcf3_7ROhA"" jstcache=""248"" role=""img""> <span class=""section-review-star section-review-star-active"" jsan=""7.section-review-star,7.section-review-star-active"" jsinstance=""0"" jstcache=""287""></span><span class=""section-review-star section-review-star-active"" jsan=""7.section-review-star,7.section-review-star-active"" jsinstance=""1"" jstcache=""287""></span><span class=""section-review-star section-review-star-active"" jsan=""7.section-review-star,7.section-review-star-active"" jsinstance=""2"" jstcache=""287""></span><span class=""section-review-star section-review-star-active"" jsan=""7.section-review-star,7.section-review-star-active"" jsinstance=""3"" jstcache=""287""></span><span class=""section-review-star"" jsan=""7.section-review-star"" jsinstance=""*4"" jstcache=""287""></span> </span>",https://www.google.com/maps/contrib/107626606343082194654?hl=en-IN,One of the decorated airport in India. You can buy from duty free shop. But sometimes you may face a very poor experience during Security checks.  Man power should be increased by Airport Authority of India.,2 months ago
 Nirjhar Saha ,"<span aria-label="" 4 stars "" class=""section-review-stars"" jsan=""7.section-review-stars,0.aria-label,0.role,t-1xcf3_7ROhA"" jstcache=""248"" role=""img""> <span class=""section-review-star section-review-star-active"" jsan=""7.section-review-star,7.section-review-star-active"" jsinstance=""0"" jstcache=""287""></span><span class=""section-review-star section-review-star-active"" jsan=""7.section-review-star,7.section-review-star-active"" jsinstance=""1"" jstcache=""287""></span><span class=""section-review-star section-review-star-active"" jsan=""7.section-review-star,7.section-review-star-active"" jsinstance=""2"" jstcache=""287""></span><span class=""section-review-star section-review-star-active"" jsan=""7.section-review-star,7.section-review-star-active"" jsinstance=""3"" jstcache=""287""></span><span class=""section-review-star"" jsan=""7.section-review-star"" jsinstance=""*4"" jstcache=""287""></span> </span>",https://www.google.com/maps/contrib/101616251579457590996?hl=en-IN,"Good airport. Can be reached by bus since direct AC buses are available from many parts of the city. Taking a cab would be a bit costly. They should provide cheaper and better taxi services that can be taken from the airport, since a lot of random taxi drivers ask exorbitant prices for a ride. And ola and Uber is not available all the time. Other than that the airport is very good and very organised. Drinking water and toilets are available at most parts of the airport.",a month ago
 Susanta Saha ,"<span aria-label="" 5 stars "" class=""section-review-stars"" jsan=""7.section-review-stars,0.aria-label,0.role,t-1xcf3_7ROhA"" jstcache=""248"" role=""img""> <span class=""section-review-star section-review-star-active"" jsan=""7.section-review-star,7.section-review-star-active"" jsinstance=""0"" jstcache=""287""></span><span class=""section-review-star section-review-star-active"" jsan=""7.section-review-star,7.section-review-star-active"" jsinstance=""1"" jstcache=""287""></span><span class=""section-review-star section-review-star-active"" jsan=""7.section-review-star,7.section-review-star-active"" jsinstance=""2"" jstcache=""287""></span><span class=""section-review-star section-review-star-active"" jsan=""7.section-review-star,7.section-review-star-active"" jsinstance=""3"" jstcache=""287""></span><span class=""section-review-star section-review-star-active"" jsan=""7.section-review-star,7.section-review-star-active"" jsinstance=""*4"" jstcache=""287""></span> </span>",https://www.google.com/maps/contrib/117490588206978796104?hl=en-IN,Present system of drop and pickup in private car is very good. Authority is now trusting people more than ever. Smooth flow of cars.,4 months ago
 Masud Chowdhury ,"<span aria-label="" 4 stars "" class=""section-review-stars"" jsan=""7.section-review-stars,0.aria-label,0.role,t-1xcf3_7ROhA"" jstcache=""248"" role=""img""> <span class=""section-review-star section-review-star-active"" jsan=""7.section-review-star,7.section-review-star-active"" jsinstance=""0"" jstcache=""287""></span><span class=""section-review-star section-review-star-active"" jsan=""7.section-review-star,7.section-review-star-active"" jsinstance=""1"" jstcache=""287""></span><span class=""section-review-star section-review-star-active"" jsan=""7.section-review-star,7.section-review-star-active"" jsinstance=""2"" jstcache=""287""></span><span class=""section-review-star section-review-star-active"" jsan=""7.section-review-star,7.section-review-star-active"" jsinstance=""3"" jstcache=""287""></span><span class=""section-review-star"" jsan=""7.section-review-star"" jsinstance=""*4"" jstcache=""287""></span> </span>",https://www.google.com/maps/contrib/108065147561417294870?hl=en-IN,"A well renovated with new name airport to serve west Bengal.  Neat, tidy and clean with some objections. Mosquito bites, cat roaming is noticeable complain. Staffs are not professional up to the mark. Temperature of is not managed properly.  Too cold. Toilets are not clean on satisfactory level.",5 months ago
 prashant nerkar ,"<span aria-label="" 4 stars "" class=""section-review-stars"" jsan=""7.section-review-stars,0.aria-label,0.role,t-1xcf3_7ROhA"" jstcache=""248"" role=""img""> <span class=""section-review-star section-review-star-active"" jsan=""7.section-review-star,7.section-review-star-active"" jsinstance=""0"" jstcache=""287""></span><span class=""section-review-star section-review-star-active"" jsan=""7.section-review-star,7.section-review-star-active"" jsinstance=""1"" jstcache=""287""></span><span class=""section-review-star section-review-star-active"" jsan=""7.section-review-star,7.section-review-star-active"" jsinstance=""2"" jstcache=""287""></span><span class=""section-review-star section-review-star-active"" jsan=""7.section-review-star,7.section-review-star-active"" jsinstance=""3"" jstcache=""287""></span><span class=""section-review-star"" jsan=""7.section-review-star"" jsinstance=""*4"" jstcache=""287""></span> </span>",https://www.google.com/maps/contrib/117613099296877502366?hl=en-IN,"This Airport route is suitable for tourist to visit China, Thailand as it is well connected for cheap flights.
This is comfortable airport as you need not to move here and there as it have domestic as well as international service at one place.
Other services like money exchange, Sim cards and food joint at convenience.
Connecting flight are good but now a days Indigo has stopped morning flight to Nagpur which is inconvenient for passengers coming from abroad.",7 months ago
