Reviewer Name,Reviewer Rating,Reviewer Profile URL,Review,Time
Mithun Gowda,,https://www.facebook.com/mithun.gwda/posts/10219386054535687,<p>Love it.. The waiting lounge and restaurants are top notch..</p>,12 February
Camil Picard,,https://www.facebook.com/camil.picard/posts/10156841231775703,<p>Tres bon petit déjeuner et service super de Mohan</p>,8 March
Rohini Debroy,<u>5 star</u>,https://www.facebook.com/rohini.debroy/posts/1708101309272565:0,"<p>I love this airport. Apart from the 'coming home' feeling, it has been one of the best airports in terms of cleanliness, design and ease of operations as a traveler. Having travelled internationally, I always feel proud when I pass Bengaluru Airport. Good job! keep going</p>",15 June 2018
Sonali Nikam,,https://www.facebook.com/sonali.nikam.355/posts/1796766937120494,"<p>Awesome Airport, Nice ambience , Better connectivity,</p>",31 December 2019
Ami Roosha,<u>2 star</u>,https://www.facebook.com/ami.s.ami.14/posts/10216569365975440:0,"<p>Dear BLR Airport, <br/> My experiences are always pleasant except today. Due to huge delay at the security check in, I missed by scheduled flight by 10 mins. With more than 100 passengers at the same time, only 2 counters were open. No ground staff to help or reach to. I was bound to pay 1000 bucks extra for the next flight again. <br/> Can I have some explanation for my fault here? Despite reaching 1.5 hrs before time, I was hecled early in the morning, without any justification from airline's or KIAL's end. I wish to have justice about the same. I wish to have my money refunded immediately. It may not be a matter of money,  but a settlement must be reached. <br/> Atmaja</p>",9 June 2018
Reddy Prasad K Adinarayan,,https://www.facebook.com/rprasadkanbk/posts/3298962750120190,"<p>excellent, nice connectivity</p>",14 January
Sree Bhat,<u>4 star</u>,https://www.facebook.com/sree.bhat.7/posts/10155054701037670:0,"<p>We complain a lot about the condition of public toilets in India (certainly with good reason). But have you seen toilet cleaning staff welcome you with ""Namaskara""?<br/> Yes, it happens in Kempegowda International Airport in Bangalore. Munianjaneyappa takes care of one of the toilets and he keeps his domain sparklingly clean, welcomes every user, guides them to the facilities. When you are about to leave he even wishes you ""happy journey"" (My wife tells me it's the same great service in the Ladies' too. A big thank you to Munianjaneyappa and his colleagues and the authorities.</p>",7 July 2017
Mohammed Ali Shaikh,,https://www.facebook.com/shaikh.ali.12935/posts/3119377978090402,<p>easy access and good service.</p>,2 January
Kailasa's Nithya Mrdukananda Mrdu,<u>1 star</u>,https://www.facebook.com/permalink.php?story_fbid=157835508161245&id=100018043905158&substory_index=1,"<p>I have been a regular stopper-by at the Bangalore International airport - but lately, i have some of my friends (who are foreigners) who have been harrasssed by some of the officials at the airport - ridiculing their beliefs, etc. If this persists, no foreigner will be interested to land in Bangalore via air-craft. Pls do the needful to rectify the issue the soonest.</p>",26 November 2017
Raju Haran,,https://www.facebook.com/rajuharan.ambikajewellers/posts/2702760856456456,"<p>one of the well maintained in my country, great renovation going on outside</p>",6 January
Venkatesh Prasad,<u>5 star</u>,https://www.facebook.com/venkatesh.prasad.12935/posts/2138038922892880:0,<p>The airport and the way it functions is phenomenal!! One of the best airports I've been to.</p>,14 May 2018
Vijeesh Nair,,https://www.facebook.com/vrn388/posts/2912887935435084,<p>From the date of opening till date it’s always improved it’s service experience by upgrading the technology &amp; facilities for all passengers under a single terminal.</p>,6 February
Sushant Rajput,<u>4 star</u>,https://www.facebook.com/permalink.php?story_fbid=136471474019070&id=100029686538966&substory_index=3,<p>One of the big airport after Delhi and Mumbai. Terminal is made in terms of Garden city but needed much to be made.but demerit is having single runaway causing less flight landing in the city. Aerospace city is big but much more needed in terms of Delhi and Mumbai.</p>,10 December 2018
Jha Seema,,https://www.facebook.com/seema.jha.129/posts/10216769909225873,<p>Awesome airport with great experience</p>,1 January
Kailasa's Ma Nithya Shivamayananda,<u>1 star</u>,https://www.facebook.com/MaNithyaShivamayaAnanda/posts/1760510870639268:0,"<p>Over 10 of my friends were in seperate cases harassed by airport officers with abusive language and abusive behavior like surrounding one of my friends with all the officers, laughing at her, making dirty jokes in Karnataka and next starting abusing our beloved guru Sri Paramahamsa Nithyananda. It is pure religious discrimination and hatred. Another had to meet an immigration officer in a seperate room who questioned her although she had the right papers and treathened to make it really hard for anyone from USA to enter India. Is this how the airport wants to tread spiritual tourists from the West?????!!!</p>",26 November 2017
Syam Anthony,,https://www.facebook.com/syam.anthony.1/posts/184935562882770,<p>Most beautiful  &amp; cleanest Airport in India.</p>,23 January
Kailasa's Sri Nithya Neerajananda,<u>1 star</u>,https://www.facebook.com/neerajananda/posts/1728059570567287:1,<p>The imitation officers both coming to and leaving from India have harassed me on multiple occasions just because of my association to Paramahamsa Nithyananda. This is religious discrimination and we won't stand for it.</p>,26 November 2017
Varun Narasimha K,,https://www.facebook.com/varun.narasimhak/posts/2672843359402970,<p>Awesome airport. Best in India.</p>,24 October 2019
Kartik Charnalia,<u>5 star</u>,https://www.facebook.com/kartik.charnalia/posts/2538471552834346:0,"<p>Very lavish and beautiful airport one can endeavour , it's keeping up pace gradually and services are just awesome ,great.</p>",23 March 2019
Mahesh Shenoy Badthodi,,https://www.facebook.com/maheshshenoy.badthodi/posts/402995087069223,<p>Awesome atmosphere . Fantastic and very welcoming staff . And Mr Mohnish Muthanna really I hv no words to express . Hospitality providing is not every person cup of tea . But you have taken it to the next level . Too good . That smile suits u the best than any one else</p>,7 September 2019
Rajdeep Tyagi,<u>1 star</u>,https://www.facebook.com/rajdeeptyagi/posts/10155111162461039:0,<p>as far as Low Visibility procedures (LVP) is concerned this airport has fairly outdated technology. No take off even in 400 m visibility at 8 am.</p>,25 December 2017
Kavya Ch,,https://www.facebook.com/kaviyacchandana/posts/1371963349618955,<p>ofcourse had awesome experience all-over and especially had best time in lounge too.</p>,18 September 2019
Shefeer Ibn Shamz,<u>5 star</u>,https://www.facebook.com/shefeerHAM/posts/1917509065222433:0,<p>This is the best airport i ever seen</p>,19 October 2018
Santosh Kumar Maturi,,https://www.facebook.com/skmaturi/posts/3304486586289020,"<p>Best airport on india in all respects ...i <span class=""_47e3 _5mfr"" title=""heart emoticon""><img alt="""" class=""img"" height=""16"" role=""presentation"" src=""https://static.xx.fbcdn.net/images/emoji.php/v9/t6c/1/16/2764.png"" width=""16""/><span aria-hidden=""true"" class=""_7oe"">&lt;3</span></span> BLR Airport</p>",29 October 2019
Rahul Santra,<u>5 star</u>,https://www.facebook.com/rahul.santra/posts/1517836318253038:0,<p>One of your staffs cleaned of the lid before I sat down for a dump. Now I am afraid to fart while taking a dump. Even my flat's toilet isn't this clean!!</p>,11 December 2017
