Reviewer Name,Reviewer Rating,Reviewer Profile URL,Review,Time
 Varun Ram S ,"<span aria-label="" 5 stars "" class=""section-review-stars"" jsan=""7.section-review-stars,0.aria-label,0.role,t-1xcf3_7ROhA"" jstcache=""248"" role=""img""> <span class=""section-review-star section-review-star-active"" jsan=""7.section-review-star,7.section-review-star-active"" jsinstance=""0"" jstcache=""287""></span><span class=""section-review-star section-review-star-active"" jsan=""7.section-review-star,7.section-review-star-active"" jsinstance=""1"" jstcache=""287""></span><span class=""section-review-star section-review-star-active"" jsan=""7.section-review-star,7.section-review-star-active"" jsinstance=""2"" jstcache=""287""></span><span class=""section-review-star section-review-star-active"" jsan=""7.section-review-star,7.section-review-star-active"" jsinstance=""3"" jstcache=""287""></span><span class=""section-review-star section-review-star-active"" jsan=""7.section-review-star,7.section-review-star-active"" jsinstance=""*4"" jstcache=""287""></span> </span>",https://www.google.com/maps/contrib/112314295884445726894?hl=en-IN,"The experience here was good. All veg subs (6 inch) are priced at ₹250 irrespective of which one we take. The customer service was friendly and most importantly, place was hygienic. Another thing to be appreciated is that they have separate counters for veg and non-veg which we don't find in many other subway outlets.",2 months ago
 Kundan Kumar ,"<span aria-label="" 3 stars "" class=""section-review-stars"" jsan=""7.section-review-stars,0.aria-label,0.role,t-1xcf3_7ROhA"" jstcache=""248"" role=""img""> <span class=""section-review-star section-review-star-active"" jsan=""7.section-review-star,7.section-review-star-active"" jsinstance=""0"" jstcache=""287""></span><span class=""section-review-star section-review-star-active"" jsan=""7.section-review-star,7.section-review-star-active"" jsinstance=""1"" jstcache=""287""></span><span class=""section-review-star section-review-star-active"" jsan=""7.section-review-star,7.section-review-star-active"" jsinstance=""2"" jstcache=""287""></span><span class=""section-review-star"" jsan=""7.section-review-star"" jsinstance=""3"" jstcache=""287""></span><span class=""section-review-star"" jsan=""7.section-review-star"" jsinstance=""*4"" jstcache=""287""></span> </span>",https://www.google.com/maps/contrib/100419812472734358517?hl=en-IN,"Foods are not fresh and it is much upscale as per cost. Variety are sufficient available. Location is prime, exactly at International Airport Bangalore. Outside sitting arrangement ate there and very good ambience. If your flight is delayed or you visited for receiving someone and waiting, it is good place to pass time happily.",7 months ago
 guru prasad ,"<span aria-label="" 4 stars "" class=""section-review-stars"" jsan=""7.section-review-stars,0.aria-label,0.role,t-1xcf3_7ROhA"" jstcache=""248"" role=""img""> <span class=""section-review-star section-review-star-active"" jsan=""7.section-review-star,7.section-review-star-active"" jsinstance=""0"" jstcache=""287""></span><span class=""section-review-star section-review-star-active"" jsan=""7.section-review-star,7.section-review-star-active"" jsinstance=""1"" jstcache=""287""></span><span class=""section-review-star section-review-star-active"" jsan=""7.section-review-star,7.section-review-star-active"" jsinstance=""2"" jstcache=""287""></span><span class=""section-review-star section-review-star-active"" jsan=""7.section-review-star,7.section-review-star-active"" jsinstance=""3"" jstcache=""287""></span><span class=""section-review-star"" jsan=""7.section-review-star"" jsinstance=""*4"" jstcache=""287""></span> </span>",https://www.google.com/maps/contrib/115969320887446997919?hl=en-IN,Service is quite fast..Take away is available..,a month ago
 Shivkumar Singh ,"<span aria-label="" 1 star "" class=""section-review-stars"" jsan=""7.section-review-stars,0.aria-label,0.role,t-1xcf3_7ROhA"" jstcache=""248"" role=""img""> <span class=""section-review-star section-review-star-active"" jsan=""7.section-review-star,7.section-review-star-active"" jsinstance=""0"" jstcache=""287""></span><span class=""section-review-star"" jsan=""7.section-review-star"" jsinstance=""1"" jstcache=""287""></span><span class=""section-review-star"" jsan=""7.section-review-star"" jsinstance=""2"" jstcache=""287""></span><span class=""section-review-star"" jsan=""7.section-review-star"" jsinstance=""3"" jstcache=""287""></span><span class=""section-review-star"" jsan=""7.section-review-star"" jsinstance=""*4"" jstcache=""287""></span> </span>",https://www.google.com/maps/contrib/109930038918960165667?hl=en-IN,"Very pathetic approach of customer dealing. I have told to be in line and order. I ordered and waited for 10 minutes...They gave my order to someone else.
And after doing this they have shown any courtesy.",3 months ago
 Life with The Callaghans ,"<span aria-label="" 5 stars "" class=""section-review-stars"" jsan=""7.section-review-stars,0.aria-label,0.role,t-1xcf3_7ROhA"" jstcache=""248"" role=""img""> <span class=""section-review-star section-review-star-active"" jsan=""7.section-review-star,7.section-review-star-active"" jsinstance=""0"" jstcache=""287""></span><span class=""section-review-star section-review-star-active"" jsan=""7.section-review-star,7.section-review-star-active"" jsinstance=""1"" jstcache=""287""></span><span class=""section-review-star section-review-star-active"" jsan=""7.section-review-star,7.section-review-star-active"" jsinstance=""2"" jstcache=""287""></span><span class=""section-review-star section-review-star-active"" jsan=""7.section-review-star,7.section-review-star-active"" jsinstance=""3"" jstcache=""287""></span><span class=""section-review-star section-review-star-active"" jsan=""7.section-review-star,7.section-review-star-active"" jsinstance=""*4"" jstcache=""287""></span> </span>",https://www.google.com/maps/contrib/117115521159697714339?hl=en-IN,Always been a family favourite. Love how one can make their own sandwich according to one’s preferencces.,3 months ago
 JoBy JoHn PaUl ,"<span aria-label="" 3 stars "" class=""section-review-stars"" jsan=""7.section-review-stars,0.aria-label,0.role,t-1xcf3_7ROhA"" jstcache=""248"" role=""img""> <span class=""section-review-star section-review-star-active"" jsan=""7.section-review-star,7.section-review-star-active"" jsinstance=""0"" jstcache=""287""></span><span class=""section-review-star section-review-star-active"" jsan=""7.section-review-star,7.section-review-star-active"" jsinstance=""1"" jstcache=""287""></span><span class=""section-review-star section-review-star-active"" jsan=""7.section-review-star,7.section-review-star-active"" jsinstance=""2"" jstcache=""287""></span><span class=""section-review-star"" jsan=""7.section-review-star"" jsinstance=""3"" jstcache=""287""></span><span class=""section-review-star"" jsan=""7.section-review-star"" jsinstance=""*4"" jstcache=""287""></span> </span>",https://www.google.com/maps/contrib/113868550570556662164?hl=en-IN,"Very distracted people at work.
A couple of times got burned bread instead of toasted.
Otherwise it's a simple Subway experience.
Dorsnt have 'sub of the day'.",2 months ago
 Vikalp Singh ,"<span aria-label="" 4 stars "" class=""section-review-stars"" jsan=""7.section-review-stars,0.aria-label,0.role,t-1xcf3_7ROhA"" jstcache=""248"" role=""img""> <span class=""section-review-star section-review-star-active"" jsan=""7.section-review-star,7.section-review-star-active"" jsinstance=""0"" jstcache=""287""></span><span class=""section-review-star section-review-star-active"" jsan=""7.section-review-star,7.section-review-star-active"" jsinstance=""1"" jstcache=""287""></span><span class=""section-review-star section-review-star-active"" jsan=""7.section-review-star,7.section-review-star-active"" jsinstance=""2"" jstcache=""287""></span><span class=""section-review-star section-review-star-active"" jsan=""7.section-review-star,7.section-review-star-active"" jsinstance=""3"" jstcache=""287""></span><span class=""section-review-star"" jsan=""7.section-review-star"" jsinstance=""*4"" jstcache=""287""></span> </span>",https://www.google.com/maps/contrib/116104765839486273857?hl=en-IN,Nice eatery in airport.,9 months ago
 Pushkin Shukla ,"<span aria-label="" 5 stars "" class=""section-review-stars"" jsan=""7.section-review-stars,0.aria-label,0.role,t-1xcf3_7ROhA"" jstcache=""248"" role=""img""> <span class=""section-review-star section-review-star-active"" jsan=""7.section-review-star,7.section-review-star-active"" jsinstance=""0"" jstcache=""287""></span><span class=""section-review-star section-review-star-active"" jsan=""7.section-review-star,7.section-review-star-active"" jsinstance=""1"" jstcache=""287""></span><span class=""section-review-star section-review-star-active"" jsan=""7.section-review-star,7.section-review-star-active"" jsinstance=""2"" jstcache=""287""></span><span class=""section-review-star section-review-star-active"" jsan=""7.section-review-star,7.section-review-star-active"" jsinstance=""3"" jstcache=""287""></span><span class=""section-review-star section-review-star-active"" jsan=""7.section-review-star,7.section-review-star-active"" jsinstance=""*4"" jstcache=""287""></span> </span>",https://www.google.com/maps/contrib/102142906560941828131?hl=en-IN,When I’m on early morning flight to Bangalore. This happens to be my first place to eat and relax before staying a day. The Restaurent is very nice & service is very fast. Sometime they don’t have hot beverages. My favorite is chicken salad,a year ago
 Raghavendra G ,"<span aria-label="" 3 stars "" class=""section-review-stars"" jsan=""7.section-review-stars,0.aria-label,0.role,t-1xcf3_7ROhA"" jstcache=""248"" role=""img""> <span class=""section-review-star section-review-star-active"" jsan=""7.section-review-star,7.section-review-star-active"" jsinstance=""0"" jstcache=""287""></span><span class=""section-review-star section-review-star-active"" jsan=""7.section-review-star,7.section-review-star-active"" jsinstance=""1"" jstcache=""287""></span><span class=""section-review-star section-review-star-active"" jsan=""7.section-review-star,7.section-review-star-active"" jsinstance=""2"" jstcache=""287""></span><span class=""section-review-star"" jsan=""7.section-review-star"" jsinstance=""3"" jstcache=""287""></span><span class=""section-review-star"" jsan=""7.section-review-star"" jsinstance=""*4"" jstcache=""287""></span> </span>",https://www.google.com/maps/contrib/115727480304009827175?hl=en-IN,Rates are higher. They are charging according to the USA standard. It need to be charged according to Indian standard. Cost of production of raw material is very less even though they are charging higher-ups. Subway cleanelesniss is good and well maintained.,a year ago
 famee brahma ,"<span aria-label="" 5 stars "" class=""section-review-stars"" jsan=""7.section-review-stars,0.aria-label,0.role,t-1xcf3_7ROhA"" jstcache=""248"" role=""img""> <span class=""section-review-star section-review-star-active"" jsan=""7.section-review-star,7.section-review-star-active"" jsinstance=""0"" jstcache=""287""></span><span class=""section-review-star section-review-star-active"" jsan=""7.section-review-star,7.section-review-star-active"" jsinstance=""1"" jstcache=""287""></span><span class=""section-review-star section-review-star-active"" jsan=""7.section-review-star,7.section-review-star-active"" jsinstance=""2"" jstcache=""287""></span><span class=""section-review-star section-review-star-active"" jsan=""7.section-review-star,7.section-review-star-active"" jsinstance=""3"" jstcache=""287""></span><span class=""section-review-star section-review-star-active"" jsan=""7.section-review-star,7.section-review-star-active"" jsinstance=""*4"" jstcache=""287""></span> </span>",https://www.google.com/maps/contrib/115485250209211477669?hl=en-IN,"It was a good experience for me, in terms of both the taste and the service. One of the employee, Mr Jayakrishnan was courteous and polite in his service.",4 months ago
 Aditya Johari ,"<span aria-label="" 4 stars "" class=""section-review-stars"" jsan=""7.section-review-stars,0.aria-label,0.role,t-1xcf3_7ROhA"" jstcache=""248"" role=""img""> <span class=""section-review-star section-review-star-active"" jsan=""7.section-review-star,7.section-review-star-active"" jsinstance=""0"" jstcache=""287""></span><span class=""section-review-star section-review-star-active"" jsan=""7.section-review-star,7.section-review-star-active"" jsinstance=""1"" jstcache=""287""></span><span class=""section-review-star section-review-star-active"" jsan=""7.section-review-star,7.section-review-star-active"" jsinstance=""2"" jstcache=""287""></span><span class=""section-review-star section-review-star-active"" jsan=""7.section-review-star,7.section-review-star-active"" jsinstance=""3"" jstcache=""287""></span><span class=""section-review-star"" jsan=""7.section-review-star"" jsinstance=""*4"" jstcache=""287""></span> </span>",https://www.google.com/maps/contrib/113744679754884561721?hl=en-IN,Standard subway like all other subway. Service is slow. Veg products are not good,5 months ago
 Nimish Shah ,"<span aria-label="" 3 stars "" class=""section-review-stars"" jsan=""7.section-review-stars,0.aria-label,0.role,t-1xcf3_7ROhA"" jstcache=""248"" role=""img""> <span class=""section-review-star section-review-star-active"" jsan=""7.section-review-star,7.section-review-star-active"" jsinstance=""0"" jstcache=""287""></span><span class=""section-review-star section-review-star-active"" jsan=""7.section-review-star,7.section-review-star-active"" jsinstance=""1"" jstcache=""287""></span><span class=""section-review-star section-review-star-active"" jsan=""7.section-review-star,7.section-review-star-active"" jsinstance=""2"" jstcache=""287""></span><span class=""section-review-star"" jsan=""7.section-review-star"" jsinstance=""3"" jstcache=""287""></span><span class=""section-review-star"" jsan=""7.section-review-star"" jsinstance=""*4"" jstcache=""287""></span> </span>",https://www.google.com/maps/contrib/102082739025483848977?hl=en-IN,Be careful. I purchased 2 bottles of water and one was open beforehand. Check at time of purchase. They did exchange.,5 months ago
 Vinuta Prabhu ,"<span aria-label="" 5 stars "" class=""section-review-stars"" jsan=""7.section-review-stars,0.aria-label,0.role,t-1xcf3_7ROhA"" jstcache=""248"" role=""img""> <span class=""section-review-star section-review-star-active"" jsan=""7.section-review-star,7.section-review-star-active"" jsinstance=""0"" jstcache=""287""></span><span class=""section-review-star section-review-star-active"" jsan=""7.section-review-star,7.section-review-star-active"" jsinstance=""1"" jstcache=""287""></span><span class=""section-review-star section-review-star-active"" jsan=""7.section-review-star,7.section-review-star-active"" jsinstance=""2"" jstcache=""287""></span><span class=""section-review-star section-review-star-active"" jsan=""7.section-review-star,7.section-review-star-active"" jsinstance=""3"" jstcache=""287""></span><span class=""section-review-star section-review-star-active"" jsan=""7.section-review-star,7.section-review-star-active"" jsinstance=""*4"" jstcache=""287""></span> </span>",https://www.google.com/maps/contrib/111221242387238086473?hl=en-IN,As good as few other options available,4 months ago
 Senthil Kumar ,"<span aria-label="" 4 stars "" class=""section-review-stars"" jsan=""7.section-review-stars,0.aria-label,0.role,t-1xcf3_7ROhA"" jstcache=""248"" role=""img""> <span class=""section-review-star section-review-star-active"" jsan=""7.section-review-star,7.section-review-star-active"" jsinstance=""0"" jstcache=""287""></span><span class=""section-review-star section-review-star-active"" jsan=""7.section-review-star,7.section-review-star-active"" jsinstance=""1"" jstcache=""287""></span><span class=""section-review-star section-review-star-active"" jsan=""7.section-review-star,7.section-review-star-active"" jsinstance=""2"" jstcache=""287""></span><span class=""section-review-star section-review-star-active"" jsan=""7.section-review-star,7.section-review-star-active"" jsinstance=""3"" jstcache=""287""></span><span class=""section-review-star"" jsan=""7.section-review-star"" jsinstance=""*4"" jstcache=""287""></span> </span>",https://www.google.com/maps/contrib/113073647953591411577?hl=en-IN,"During late night and early morning flights, I usually chill here before entering the airport. The employees are pretty friendly and quick. You will get your order in your hand in two minutes no matter how crowded the spot is.",a year ago
 Mohammed Bilal ,"<span aria-label="" 1 star "" class=""section-review-stars"" jsan=""7.section-review-stars,0.aria-label,0.role,t-1xcf3_7ROhA"" jstcache=""248"" role=""img""> <span class=""section-review-star section-review-star-active"" jsan=""7.section-review-star,7.section-review-star-active"" jsinstance=""0"" jstcache=""287""></span><span class=""section-review-star"" jsan=""7.section-review-star"" jsinstance=""1"" jstcache=""287""></span><span class=""section-review-star"" jsan=""7.section-review-star"" jsinstance=""2"" jstcache=""287""></span><span class=""section-review-star"" jsan=""7.section-review-star"" jsinstance=""3"" jstcache=""287""></span><span class=""section-review-star"" jsan=""7.section-review-star"" jsinstance=""*4"" jstcache=""287""></span> </span>",https://www.google.com/maps/contrib/107471924537188607637?hl=en-IN,"Worst sub ever... No fresh vegetables, ingredients .. everything is so dry. Don't ever waste your money. 
No taste... Nothing... Totally disappointed",4 months ago
 Muralidharan Nair ,"<span aria-label="" 5 stars "" class=""section-review-stars"" jsan=""7.section-review-stars,0.aria-label,0.role,t-1xcf3_7ROhA"" jstcache=""248"" role=""img""> <span class=""section-review-star section-review-star-active"" jsan=""7.section-review-star,7.section-review-star-active"" jsinstance=""0"" jstcache=""287""></span><span class=""section-review-star section-review-star-active"" jsan=""7.section-review-star,7.section-review-star-active"" jsinstance=""1"" jstcache=""287""></span><span class=""section-review-star section-review-star-active"" jsan=""7.section-review-star,7.section-review-star-active"" jsinstance=""2"" jstcache=""287""></span><span class=""section-review-star section-review-star-active"" jsan=""7.section-review-star,7.section-review-star-active"" jsinstance=""3"" jstcache=""287""></span><span class=""section-review-star section-review-star-active"" jsan=""7.section-review-star,7.section-review-star-active"" jsinstance=""*4"" jstcache=""287""></span> </span>",https://www.google.com/maps/contrib/103847439879073418550?hl=en-IN,"Very nice spot for subway on your way out of the airport 

Good food quick service too tasty stuff",a year ago
 Vaibhav Singh ,"<span aria-label="" 4 stars "" class=""section-review-stars"" jsan=""7.section-review-stars,0.aria-label,0.role,t-1xcf3_7ROhA"" jstcache=""248"" role=""img""> <span class=""section-review-star section-review-star-active"" jsan=""7.section-review-star,7.section-review-star-active"" jsinstance=""0"" jstcache=""287""></span><span class=""section-review-star section-review-star-active"" jsan=""7.section-review-star,7.section-review-star-active"" jsinstance=""1"" jstcache=""287""></span><span class=""section-review-star section-review-star-active"" jsan=""7.section-review-star,7.section-review-star-active"" jsinstance=""2"" jstcache=""287""></span><span class=""section-review-star section-review-star-active"" jsan=""7.section-review-star,7.section-review-star-active"" jsinstance=""3"" jstcache=""287""></span><span class=""section-review-star"" jsan=""7.section-review-star"" jsinstance=""*4"" jstcache=""287""></span> </span>",https://www.google.com/maps/contrib/106320125606929492673?hl=en-IN,Good quality of edibles,a year ago
 Rahul KT ,"<span aria-label="" 1 star "" class=""section-review-stars"" jsan=""7.section-review-stars,0.aria-label,0.role,t-1xcf3_7ROhA"" jstcache=""248"" role=""img""> <span class=""section-review-star section-review-star-active"" jsan=""7.section-review-star,7.section-review-star-active"" jsinstance=""0"" jstcache=""287""></span><span class=""section-review-star"" jsan=""7.section-review-star"" jsinstance=""1"" jstcache=""287""></span><span class=""section-review-star"" jsan=""7.section-review-star"" jsinstance=""2"" jstcache=""287""></span><span class=""section-review-star"" jsan=""7.section-review-star"" jsinstance=""3"" jstcache=""287""></span><span class=""section-review-star"" jsan=""7.section-review-star"" jsinstance=""*4"" jstcache=""287""></span> </span>",https://www.google.com/maps/contrib/108776832637297803819?hl=en-IN,"Service is bad and the food served is no different either. Price charged is a lot more than what one would think the whole experience is worth.
Unhygienic. Very low service standards of the staff and the sandwiches for some reason tastes worse than other outlets. Wonder how this place has continued to be open despite the standards remaining at a very subpar level since as far as it has been around.",a year ago
