Reviewer Name,Reviewer Rating,Reviewer Profile URL,Review,Time
 Sivasankar Sivaramalingam ,"<span aria-label="" 4 stars "" class=""section-review-stars"" jsan=""7.section-review-stars,0.aria-label,0.role,t-1xcf3_7ROhA"" jstcache=""248"" role=""img""> <span class=""section-review-star section-review-star-active"" jsan=""7.section-review-star,7.section-review-star-active"" jsinstance=""0"" jstcache=""287""></span><span class=""section-review-star section-review-star-active"" jsan=""7.section-review-star,7.section-review-star-active"" jsinstance=""1"" jstcache=""287""></span><span class=""section-review-star section-review-star-active"" jsan=""7.section-review-star,7.section-review-star-active"" jsinstance=""2"" jstcache=""287""></span><span class=""section-review-star section-review-star-active"" jsan=""7.section-review-star,7.section-review-star-active"" jsinstance=""3"" jstcache=""287""></span><span class=""section-review-star"" jsan=""7.section-review-star"" jsinstance=""*4"" jstcache=""287""></span> </span>",https://www.google.com/maps/contrib/107570178105812680479?hl=en-IN,Always crowded. Food is of average quality. Very high pricing due to its place inside airport. Very slow service. If only you have more time to spend go there.  Otherwise don't take risk. Fancy food items available at very fancy price tag that only foreigners can afford. Seating arrangement is very nice. Dress code for employees nice.,5 months ago
 TravellerG ,"<span aria-label="" 2 stars "" class=""section-review-stars"" jsan=""7.section-review-stars,0.aria-label,0.role,t-1xcf3_7ROhA"" jstcache=""248"" role=""img""> <span class=""section-review-star section-review-star-active"" jsan=""7.section-review-star,7.section-review-star-active"" jsinstance=""0"" jstcache=""287""></span><span class=""section-review-star section-review-star-active"" jsan=""7.section-review-star,7.section-review-star-active"" jsinstance=""1"" jstcache=""287""></span><span class=""section-review-star"" jsan=""7.section-review-star"" jsinstance=""2"" jstcache=""287""></span><span class=""section-review-star"" jsan=""7.section-review-star"" jsinstance=""3"" jstcache=""287""></span><span class=""section-review-star"" jsan=""7.section-review-star"" jsinstance=""*4"" jstcache=""287""></span> </span>",https://www.google.com/maps/contrib/113851003327205656493?hl=en-IN,".. The delay in service took out one star...
.. 1 Littre Water took out another star
.. For the cost, food IS VERY POOR
     > Quality
     > Side Dishes
.. It was much better, earlier (during Malgudi Days)
.. The location is excellent...
.. Ambiance is OK
.. Hygiene is good!
Not recommended",6 months ago
 Vasudha Nassa ,"<span aria-label="" 5 stars "" class=""section-review-stars"" jsan=""7.section-review-stars,0.aria-label,0.role,t-1xcf3_7ROhA"" jstcache=""248"" role=""img""> <span class=""section-review-star section-review-star-active"" jsan=""7.section-review-star,7.section-review-star-active"" jsinstance=""0"" jstcache=""287""></span><span class=""section-review-star section-review-star-active"" jsan=""7.section-review-star,7.section-review-star-active"" jsinstance=""1"" jstcache=""287""></span><span class=""section-review-star section-review-star-active"" jsan=""7.section-review-star,7.section-review-star-active"" jsinstance=""2"" jstcache=""287""></span><span class=""section-review-star section-review-star-active"" jsan=""7.section-review-star,7.section-review-star-active"" jsinstance=""3"" jstcache=""287""></span><span class=""section-review-star section-review-star-active"" jsan=""7.section-review-star,7.section-review-star-active"" jsinstance=""*4"" jstcache=""287""></span> </span>",https://www.google.com/maps/contrib/111379855232970428688?hl=en-IN,"My go to place for breakfast at Bangalore Airport. The location is pretty convenient and the service is quick. The staff is polite , efficient and well dressed 😄. Menu has a number of options in South Indian cuisine. Food is good and the prices are decent in airport terms😛. It is the busiest food place at the Bangalore Airport. Best option for a desi palate without doubt.",5 months ago
 Deepesh P C ,"<span aria-label="" 4 stars "" class=""section-review-stars"" jsan=""7.section-review-stars,0.aria-label,0.role,t-1xcf3_7ROhA"" jstcache=""248"" role=""img""> <span class=""section-review-star section-review-star-active"" jsan=""7.section-review-star,7.section-review-star-active"" jsinstance=""0"" jstcache=""287""></span><span class=""section-review-star section-review-star-active"" jsan=""7.section-review-star,7.section-review-star-active"" jsinstance=""1"" jstcache=""287""></span><span class=""section-review-star section-review-star-active"" jsan=""7.section-review-star,7.section-review-star-active"" jsinstance=""2"" jstcache=""287""></span><span class=""section-review-star section-review-star-active"" jsan=""7.section-review-star,7.section-review-star-active"" jsinstance=""3"" jstcache=""287""></span><span class=""section-review-star"" jsan=""7.section-review-star"" jsinstance=""*4"" jstcache=""287""></span> </span>",https://www.google.com/maps/contrib/108566345333531151665?hl=en-IN,"Located inside the bangalore airport, this restaurant is right after the security check-in counter. I think this is the only south indian cuisine choice inside kial. It's always busy in here, the food is of average taste and the price is ok for an airport restaurant.",3 months ago
 Prasadh Muthiah Sivasankaranathan ,"<span aria-label="" 4 stars "" class=""section-review-stars"" jsan=""7.section-review-stars,0.aria-label,0.role,t-1xcf3_7ROhA"" jstcache=""248"" role=""img""> <span class=""section-review-star section-review-star-active"" jsan=""7.section-review-star,7.section-review-star-active"" jsinstance=""0"" jstcache=""287""></span><span class=""section-review-star section-review-star-active"" jsan=""7.section-review-star,7.section-review-star-active"" jsinstance=""1"" jstcache=""287""></span><span class=""section-review-star section-review-star-active"" jsan=""7.section-review-star,7.section-review-star-active"" jsinstance=""2"" jstcache=""287""></span><span class=""section-review-star section-review-star-active"" jsan=""7.section-review-star,7.section-review-star-active"" jsinstance=""3"" jstcache=""287""></span><span class=""section-review-star"" jsan=""7.section-review-star"" jsinstance=""*4"" jstcache=""287""></span> </span>",https://www.google.com/maps/contrib/107428740768603140547?hl=en-IN,Consistent taste and quality. Safe option for breakfast.,a year ago
 NIKHIL K ,"<span aria-label="" 3 stars "" class=""section-review-stars"" jsan=""7.section-review-stars,0.aria-label,0.role,t-1xcf3_7ROhA"" jstcache=""248"" role=""img""> <span class=""section-review-star section-review-star-active"" jsan=""7.section-review-star,7.section-review-star-active"" jsinstance=""0"" jstcache=""287""></span><span class=""section-review-star section-review-star-active"" jsan=""7.section-review-star,7.section-review-star-active"" jsinstance=""1"" jstcache=""287""></span><span class=""section-review-star section-review-star-active"" jsan=""7.section-review-star,7.section-review-star-active"" jsinstance=""2"" jstcache=""287""></span><span class=""section-review-star"" jsan=""7.section-review-star"" jsinstance=""3"" jstcache=""287""></span><span class=""section-review-star"" jsan=""7.section-review-star"" jsinstance=""*4"" jstcache=""287""></span> </span>",https://www.google.com/maps/contrib/113315173434202755099?hl=en-IN,"Food, seating, ambience good. Service very very slow and poor. Looks like no one is bothered about customer service....only bothered about mechanically completing a task...",6 months ago
 Darshan Bangalore Satyamurthy ,"<span aria-label="" 3 stars "" class=""section-review-stars"" jsan=""7.section-review-stars,0.aria-label,0.role,t-1xcf3_7ROhA"" jstcache=""248"" role=""img""> <span class=""section-review-star section-review-star-active"" jsan=""7.section-review-star,7.section-review-star-active"" jsinstance=""0"" jstcache=""287""></span><span class=""section-review-star section-review-star-active"" jsan=""7.section-review-star,7.section-review-star-active"" jsinstance=""1"" jstcache=""287""></span><span class=""section-review-star section-review-star-active"" jsan=""7.section-review-star,7.section-review-star-active"" jsinstance=""2"" jstcache=""287""></span><span class=""section-review-star"" jsan=""7.section-review-star"" jsinstance=""3"" jstcache=""287""></span><span class=""section-review-star"" jsan=""7.section-review-star"" jsinstance=""*4"" jstcache=""287""></span> </span>",https://www.google.com/maps/contrib/112347235492612162591?hl=en-IN,"Felt it was a decent place to eat. I ordered the thali and the quality was good. 
The service is very very slow though. They can improve on multiple things to make it better.",a year ago
 Sanjeev Chauhan ,"<span aria-label="" 4 stars "" class=""section-review-stars"" jsan=""7.section-review-stars,0.aria-label,0.role,t-1xcf3_7ROhA"" jstcache=""248"" role=""img""> <span class=""section-review-star section-review-star-active"" jsan=""7.section-review-star,7.section-review-star-active"" jsinstance=""0"" jstcache=""287""></span><span class=""section-review-star section-review-star-active"" jsan=""7.section-review-star,7.section-review-star-active"" jsinstance=""1"" jstcache=""287""></span><span class=""section-review-star section-review-star-active"" jsan=""7.section-review-star,7.section-review-star-active"" jsinstance=""2"" jstcache=""287""></span><span class=""section-review-star section-review-star-active"" jsan=""7.section-review-star,7.section-review-star-active"" jsinstance=""3"" jstcache=""287""></span><span class=""section-review-star"" jsan=""7.section-review-star"" jsinstance=""*4"" jstcache=""287""></span> </span>",https://www.google.com/maps/contrib/113588404114258599665?hl=en-IN,Decent place to eat. Great Rasam Rice. In case you are in a hurry they have small boxes to pack it for your flight.,a year ago
 SAS ,"<span aria-label="" 4 stars "" class=""section-review-stars"" jsan=""7.section-review-stars,0.aria-label,0.role,t-1xcf3_7ROhA"" jstcache=""248"" role=""img""> <span class=""section-review-star section-review-star-active"" jsan=""7.section-review-star,7.section-review-star-active"" jsinstance=""0"" jstcache=""287""></span><span class=""section-review-star section-review-star-active"" jsan=""7.section-review-star,7.section-review-star-active"" jsinstance=""1"" jstcache=""287""></span><span class=""section-review-star section-review-star-active"" jsan=""7.section-review-star,7.section-review-star-active"" jsinstance=""2"" jstcache=""287""></span><span class=""section-review-star section-review-star-active"" jsan=""7.section-review-star,7.section-review-star-active"" jsinstance=""3"" jstcache=""287""></span><span class=""section-review-star"" jsan=""7.section-review-star"" jsinstance=""*4"" jstcache=""287""></span> </span>",https://www.google.com/maps/contrib/108691980483858187654?hl=en-IN,"Located inside the airport complex, at the entrance/exit area, this is a reasonably good hotel. As this hotel is inside the airport the rates are expensive which may please be noted.",2 weeks ago
 Yedur KJ ,"<span aria-label="" 1 star "" class=""section-review-stars"" jsan=""7.section-review-stars,0.aria-label,0.role,t-1xcf3_7ROhA"" jstcache=""248"" role=""img""> <span class=""section-review-star section-review-star-active"" jsan=""7.section-review-star,7.section-review-star-active"" jsinstance=""0"" jstcache=""287""></span><span class=""section-review-star"" jsan=""7.section-review-star"" jsinstance=""1"" jstcache=""287""></span><span class=""section-review-star"" jsan=""7.section-review-star"" jsinstance=""2"" jstcache=""287""></span><span class=""section-review-star"" jsan=""7.section-review-star"" jsinstance=""3"" jstcache=""287""></span><span class=""section-review-star"" jsan=""7.section-review-star"" jsinstance=""*4"" jstcache=""287""></span> </span>",https://www.google.com/maps/contrib/106506109683664917812?hl=en-IN,Worst service. Takes hours for every request. Food is great. I've no complaints on food. Go here only if you've 1 hour more time to spend for eating.,8 months ago
 Varun Ram S ,"<span aria-label="" 4 stars "" class=""section-review-stars"" jsan=""7.section-review-stars,0.aria-label,0.role,t-1xcf3_7ROhA"" jstcache=""248"" role=""img""> <span class=""section-review-star section-review-star-active"" jsan=""7.section-review-star,7.section-review-star-active"" jsinstance=""0"" jstcache=""287""></span><span class=""section-review-star section-review-star-active"" jsan=""7.section-review-star,7.section-review-star-active"" jsinstance=""1"" jstcache=""287""></span><span class=""section-review-star section-review-star-active"" jsan=""7.section-review-star,7.section-review-star-active"" jsinstance=""2"" jstcache=""287""></span><span class=""section-review-star section-review-star-active"" jsan=""7.section-review-star,7.section-review-star-active"" jsinstance=""3"" jstcache=""287""></span><span class=""section-review-star"" jsan=""7.section-review-star"" jsinstance=""*4"" jstcache=""287""></span> </span>",https://www.google.com/maps/contrib/112314295884445726894?hl=en-IN,"This place is overpriced, but considering that it is located inside the airport, we have to accept the fact that things are priced too much. It is located in the domestic departures area of the airport after security check. More precisely ,between Gate 2 and 7. Bought podi idli from here which in my opinion was actually good. The quantity was not bad, but for the price we pay, I've no  comments.",3 months ago
 Sneha Shahare ,"<span aria-label="" 5 stars "" class=""section-review-stars"" jsan=""7.section-review-stars,0.aria-label,0.role,t-1xcf3_7ROhA"" jstcache=""248"" role=""img""> <span class=""section-review-star section-review-star-active"" jsan=""7.section-review-star,7.section-review-star-active"" jsinstance=""0"" jstcache=""287""></span><span class=""section-review-star section-review-star-active"" jsan=""7.section-review-star,7.section-review-star-active"" jsinstance=""1"" jstcache=""287""></span><span class=""section-review-star section-review-star-active"" jsan=""7.section-review-star,7.section-review-star-active"" jsinstance=""2"" jstcache=""287""></span><span class=""section-review-star section-review-star-active"" jsan=""7.section-review-star,7.section-review-star-active"" jsinstance=""3"" jstcache=""287""></span><span class=""section-review-star section-review-star-active"" jsan=""7.section-review-star,7.section-review-star-active"" jsinstance=""*4"" jstcache=""287""></span> </span>",https://www.google.com/maps/contrib/106475674167251625597?hl=en-IN,"All the stars for my fav Podi idlis here. 
The place is always crowded being the only (South) Indian place at domestic terminal 

I know it’s bit overpriced, but it’s my perfect breakfast solution for the early morning flights. 
It’s been 3 years I’m travelling in and out of Bangalore airport and I always make sure I have these yummiest of idlis. 

A box full of nice and hot steamy podi idlis in morning get you going. 
I’ve tried podi idli at few places too, but never liked them. 
These are one of my most fav food. 

The filter coffee at this place is good too. 

PS- this is the picture of just one Idli. 
The box comes with 8 of such idlis for approx 200₹ which is totally worth it😇",5 months ago
 Kamal Kothari ,"<span aria-label="" 5 stars "" class=""section-review-stars"" jsan=""7.section-review-stars,0.aria-label,0.role,t-1xcf3_7ROhA"" jstcache=""248"" role=""img""> <span class=""section-review-star section-review-star-active"" jsan=""7.section-review-star,7.section-review-star-active"" jsinstance=""0"" jstcache=""287""></span><span class=""section-review-star section-review-star-active"" jsan=""7.section-review-star,7.section-review-star-active"" jsinstance=""1"" jstcache=""287""></span><span class=""section-review-star section-review-star-active"" jsan=""7.section-review-star,7.section-review-star-active"" jsinstance=""2"" jstcache=""287""></span><span class=""section-review-star section-review-star-active"" jsan=""7.section-review-star,7.section-review-star-active"" jsinstance=""3"" jstcache=""287""></span><span class=""section-review-star section-review-star-active"" jsan=""7.section-review-star,7.section-review-star-active"" jsinstance=""*4"" jstcache=""287""></span> </span>",https://www.google.com/maps/contrib/111977617782352384537?hl=en-IN,Awesome Holiday special Kerala thali meal. We enjoyed thoroughly. Prices were very reasonable. Must for authentic food lovers.,4 months ago
 Madhu Shesharam ,"<span aria-label="" 5 stars "" class=""section-review-stars"" jsan=""7.section-review-stars,0.aria-label,0.role,t-1xcf3_7ROhA"" jstcache=""248"" role=""img""> <span class=""section-review-star section-review-star-active"" jsan=""7.section-review-star,7.section-review-star-active"" jsinstance=""0"" jstcache=""287""></span><span class=""section-review-star section-review-star-active"" jsan=""7.section-review-star,7.section-review-star-active"" jsinstance=""1"" jstcache=""287""></span><span class=""section-review-star section-review-star-active"" jsan=""7.section-review-star,7.section-review-star-active"" jsinstance=""2"" jstcache=""287""></span><span class=""section-review-star section-review-star-active"" jsan=""7.section-review-star,7.section-review-star-active"" jsinstance=""3"" jstcache=""287""></span><span class=""section-review-star section-review-star-active"" jsan=""7.section-review-star,7.section-review-star-active"" jsinstance=""*4"" jstcache=""287""></span> </span>",https://www.google.com/maps/contrib/104867746337400322355?hl=en-IN,Authentic South Indian food & great coffee.,a month ago
 Dama Davis ,"<span aria-label="" 3 stars "" class=""section-review-stars"" jsan=""7.section-review-stars,0.aria-label,0.role,t-1xcf3_7ROhA"" jstcache=""248"" role=""img""> <span class=""section-review-star section-review-star-active"" jsan=""7.section-review-star,7.section-review-star-active"" jsinstance=""0"" jstcache=""287""></span><span class=""section-review-star section-review-star-active"" jsan=""7.section-review-star,7.section-review-star-active"" jsinstance=""1"" jstcache=""287""></span><span class=""section-review-star section-review-star-active"" jsan=""7.section-review-star,7.section-review-star-active"" jsinstance=""2"" jstcache=""287""></span><span class=""section-review-star"" jsan=""7.section-review-star"" jsinstance=""3"" jstcache=""287""></span><span class=""section-review-star"" jsan=""7.section-review-star"" jsinstance=""*4"" jstcache=""287""></span> </span>",https://www.google.com/maps/contrib/109975498797585933106?hl=en-IN,"Decent place, great ambiance, mostly crowded, good and tasty food. The only challenge saw was the time taken by them to serve. Not sure if it is because of the rush hours. The staff is plesent and helpful. Had the Thali for dinner. Is expensive.",6 months ago
 Puneet Bhatia ,"<span aria-label="" 4 stars "" class=""section-review-stars"" jsan=""7.section-review-stars,0.aria-label,0.role,t-1xcf3_7ROhA"" jstcache=""248"" role=""img""> <span class=""section-review-star section-review-star-active"" jsan=""7.section-review-star,7.section-review-star-active"" jsinstance=""0"" jstcache=""287""></span><span class=""section-review-star section-review-star-active"" jsan=""7.section-review-star,7.section-review-star-active"" jsinstance=""1"" jstcache=""287""></span><span class=""section-review-star section-review-star-active"" jsan=""7.section-review-star,7.section-review-star-active"" jsinstance=""2"" jstcache=""287""></span><span class=""section-review-star section-review-star-active"" jsan=""7.section-review-star,7.section-review-star-active"" jsinstance=""3"" jstcache=""287""></span><span class=""section-review-star"" jsan=""7.section-review-star"" jsinstance=""*4"" jstcache=""287""></span> </span>",https://www.google.com/maps/contrib/106317433114241451618?hl=en-IN,"Tiffin Centre at Bangalore airport, located right beyond the Domestic Departures' Security Check, is one of the busiest food joints at this airport. And rightfully so.

It offers the widest array of South Indian cuisine, with their menu running into multiple pages akin to that of an elaborate restaurant. Ironically though, they have struck the unique and amazingly delectable pesarattu off their menu (earlier, it used to be my must-eat every single time I took off from this airport and I kind of miss it).

The food quality and presentation is quite good, with their idlis soft and fluffy, vadas crunchy and pongal loaded with cashews and bursting with authentic flavors. Their coffee is also not to be missed, in case you stop by to eat here.

On the flip side, the prices are on the higher side, which is kind of to be expected from a metro airport joint. Also there is a definite scope of improvement in their serving time, especially considering that people may be rushed for boarding their flights and they do have a huge number of service staff. 

This one time, I almost had to gobble their whole breakfast thali in under 5 minutes because even after my request to be served faster and multiple follow-ups, they took their own time to serve it and then some more to settle my bill.",a year ago
 Sandeep Bhogaraju ,"<span aria-label="" 5 stars "" class=""section-review-stars"" jsan=""7.section-review-stars,0.aria-label,0.role,t-1xcf3_7ROhA"" jstcache=""248"" role=""img""> <span class=""section-review-star section-review-star-active"" jsan=""7.section-review-star,7.section-review-star-active"" jsinstance=""0"" jstcache=""287""></span><span class=""section-review-star section-review-star-active"" jsan=""7.section-review-star,7.section-review-star-active"" jsinstance=""1"" jstcache=""287""></span><span class=""section-review-star section-review-star-active"" jsan=""7.section-review-star,7.section-review-star-active"" jsinstance=""2"" jstcache=""287""></span><span class=""section-review-star section-review-star-active"" jsan=""7.section-review-star,7.section-review-star-active"" jsinstance=""3"" jstcache=""287""></span><span class=""section-review-star section-review-star-active"" jsan=""7.section-review-star,7.section-review-star-active"" jsinstance=""*4"" jstcache=""287""></span> </span>",https://www.google.com/maps/contrib/107289174888676633126?hl=en-IN,"Tasty thali, very authentic taste of South Indian food. Rasam was at its best, hot n spicy. The service is little show, but they take care. They're running Independence day special thali, but they're original thali is much better than this one  it's easy to get space.",8 months ago
 Prakash Chari ,"<span aria-label="" 1 star "" class=""section-review-stars"" jsan=""7.section-review-stars,0.aria-label,0.role,t-1xcf3_7ROhA"" jstcache=""248"" role=""img""> <span class=""section-review-star section-review-star-active"" jsan=""7.section-review-star,7.section-review-star-active"" jsinstance=""0"" jstcache=""287""></span><span class=""section-review-star"" jsan=""7.section-review-star"" jsinstance=""1"" jstcache=""287""></span><span class=""section-review-star"" jsan=""7.section-review-star"" jsinstance=""2"" jstcache=""287""></span><span class=""section-review-star"" jsan=""7.section-review-star"" jsinstance=""3"" jstcache=""287""></span><span class=""section-review-star"" jsan=""7.section-review-star"" jsinstance=""*4"" jstcache=""287""></span> </span>",https://www.google.com/maps/contrib/111897753442819645293?hl=en-IN,Extremely slow service. The staffs are hardly bothered to take the order at table and once your are done with your food it takes long long time for the server to get the bill. Venture into it only if you have ample time to board the aircraft ! Food also not so great for the price charged..,7 months ago
 Ingrid G. ,"<span aria-label="" 2 stars "" class=""section-review-stars"" jsan=""7.section-review-stars,0.aria-label,0.role,t-1xcf3_7ROhA"" jstcache=""248"" role=""img""> <span class=""section-review-star section-review-star-active"" jsan=""7.section-review-star,7.section-review-star-active"" jsinstance=""0"" jstcache=""287""></span><span class=""section-review-star section-review-star-active"" jsan=""7.section-review-star,7.section-review-star-active"" jsinstance=""1"" jstcache=""287""></span><span class=""section-review-star"" jsan=""7.section-review-star"" jsinstance=""2"" jstcache=""287""></span><span class=""section-review-star"" jsan=""7.section-review-star"" jsinstance=""3"" jstcache=""287""></span><span class=""section-review-star"" jsan=""7.section-review-star"" jsinstance=""*4"" jstcache=""287""></span> </span>",https://www.google.com/maps/contrib/107605930541192767010?hl=en-IN,"The menu looks varied but finally we cannot get any juice, nor masala tea, nor any meal except very few ones for breakfast. A master of illusions",4 months ago
 Saravanakanth Packirisamy ,"<span aria-label="" 4 stars "" class=""section-review-stars"" jsan=""7.section-review-stars,0.aria-label,0.role,t-1xcf3_7ROhA"" jstcache=""248"" role=""img""> <span class=""section-review-star section-review-star-active"" jsan=""7.section-review-star,7.section-review-star-active"" jsinstance=""0"" jstcache=""287""></span><span class=""section-review-star section-review-star-active"" jsan=""7.section-review-star,7.section-review-star-active"" jsinstance=""1"" jstcache=""287""></span><span class=""section-review-star section-review-star-active"" jsan=""7.section-review-star,7.section-review-star-active"" jsinstance=""2"" jstcache=""287""></span><span class=""section-review-star section-review-star-active"" jsan=""7.section-review-star,7.section-review-star-active"" jsinstance=""3"" jstcache=""287""></span><span class=""section-review-star"" jsan=""7.section-review-star"" jsinstance=""*4"" jstcache=""287""></span> </span>",https://www.google.com/maps/contrib/105834363967385804899?hl=en-IN,This is the restaurant situated inside Kempegowda International Airport offering both vegetarian and non vegetarian food.  Food us tasty but the price is expensive.  They offer vegetarian meal full plate which is priced reasonably and food is also good.  Good food and clean environment.,a year ago
 Pankaj Srivastava ,"<span aria-label="" 1 star "" class=""section-review-stars"" jsan=""7.section-review-stars,0.aria-label,0.role,t-1xcf3_7ROhA"" jstcache=""248"" role=""img""> <span class=""section-review-star section-review-star-active"" jsan=""7.section-review-star,7.section-review-star-active"" jsinstance=""0"" jstcache=""287""></span><span class=""section-review-star"" jsan=""7.section-review-star"" jsinstance=""1"" jstcache=""287""></span><span class=""section-review-star"" jsan=""7.section-review-star"" jsinstance=""2"" jstcache=""287""></span><span class=""section-review-star"" jsan=""7.section-review-star"" jsinstance=""3"" jstcache=""287""></span><span class=""section-review-star"" jsan=""7.section-review-star"" jsinstance=""*4"" jstcache=""287""></span> </span>",https://www.google.com/maps/contrib/117742047939477886218?hl=en-IN,They dont sprepare and serve basic authentically prepared  south indian dishes. They could not offer the delicacies listed on their menu. They dont offer normal indian water also. One is forced to buy water for Rs.65 a small bottle. The service wait time is pathetic and they do not maintain clean tables also. Staff is also impolite and insensitive to customers. Someday they will die a natural death bcos of all their falacacies.Hope the management acts cognitively,3 months ago
 Muralidharan Nair ,"<span aria-label="" 5 stars "" class=""section-review-stars"" jsan=""7.section-review-stars,0.aria-label,0.role,t-1xcf3_7ROhA"" jstcache=""248"" role=""img""> <span class=""section-review-star section-review-star-active"" jsan=""7.section-review-star,7.section-review-star-active"" jsinstance=""0"" jstcache=""287""></span><span class=""section-review-star section-review-star-active"" jsan=""7.section-review-star,7.section-review-star-active"" jsinstance=""1"" jstcache=""287""></span><span class=""section-review-star section-review-star-active"" jsan=""7.section-review-star,7.section-review-star-active"" jsinstance=""2"" jstcache=""287""></span><span class=""section-review-star section-review-star-active"" jsan=""7.section-review-star,7.section-review-star-active"" jsinstance=""3"" jstcache=""287""></span><span class=""section-review-star section-review-star-active"" jsan=""7.section-review-star,7.section-review-star-active"" jsinstance=""*4"" jstcache=""287""></span> </span>",https://www.google.com/maps/contrib/103847439879073418550?hl=en-IN,"Quick express service items so fresh easy to access 

Billing choice of items are all quick 
Space is also on the move 
Loved the arrangement and the menu is predominantly South Indian dishes 

Idlis vada sambar and dosa and quick service",a year ago
 Kaustubh Kulkarni ,"<span aria-label="" 5 stars "" class=""section-review-stars"" jsan=""7.section-review-stars,0.aria-label,0.role,t-1xcf3_7ROhA"" jstcache=""248"" role=""img""> <span class=""section-review-star section-review-star-active"" jsan=""7.section-review-star,7.section-review-star-active"" jsinstance=""0"" jstcache=""287""></span><span class=""section-review-star section-review-star-active"" jsan=""7.section-review-star,7.section-review-star-active"" jsinstance=""1"" jstcache=""287""></span><span class=""section-review-star section-review-star-active"" jsan=""7.section-review-star,7.section-review-star-active"" jsinstance=""2"" jstcache=""287""></span><span class=""section-review-star section-review-star-active"" jsan=""7.section-review-star,7.section-review-star-active"" jsinstance=""3"" jstcache=""287""></span><span class=""section-review-star section-review-star-active"" jsan=""7.section-review-star,7.section-review-star-active"" jsinstance=""*4"" jstcache=""287""></span> </span>",https://www.google.com/maps/contrib/114532753886226012197?hl=en-IN,Good food. Value for money and wonderful. Good service. Sambar/Rasam to die for. Enjoyed the food to the fullest,2 years ago
 Praveen Kumar ,"<span aria-label="" 1 star "" class=""section-review-stars"" jsan=""7.section-review-stars,0.aria-label,0.role,t-1xcf3_7ROhA"" jstcache=""248"" role=""img""> <span class=""section-review-star section-review-star-active"" jsan=""7.section-review-star,7.section-review-star-active"" jsinstance=""0"" jstcache=""287""></span><span class=""section-review-star"" jsan=""7.section-review-star"" jsinstance=""1"" jstcache=""287""></span><span class=""section-review-star"" jsan=""7.section-review-star"" jsinstance=""2"" jstcache=""287""></span><span class=""section-review-star"" jsan=""7.section-review-star"" jsinstance=""3"" jstcache=""287""></span><span class=""section-review-star"" jsan=""7.section-review-star"" jsinstance=""*4"" jstcache=""287""></span> </span>",https://www.google.com/maps/contrib/112101793539036527454?hl=en-IN,Food is overpriced for the portion size. It takes ages for the menu to come to your table. It takes ages for the food to come. It will take them ages to clear the table and get you the bill. Eat here if you are early to the airport and willing to waste precious time.,7 months ago
 geeksidea ,"<span aria-label="" 3 stars "" class=""section-review-stars"" jsan=""7.section-review-stars,0.aria-label,0.role,t-1xcf3_7ROhA"" jstcache=""248"" role=""img""> <span class=""section-review-star section-review-star-active"" jsan=""7.section-review-star,7.section-review-star-active"" jsinstance=""0"" jstcache=""287""></span><span class=""section-review-star section-review-star-active"" jsan=""7.section-review-star,7.section-review-star-active"" jsinstance=""1"" jstcache=""287""></span><span class=""section-review-star section-review-star-active"" jsan=""7.section-review-star,7.section-review-star-active"" jsinstance=""2"" jstcache=""287""></span><span class=""section-review-star"" jsan=""7.section-review-star"" jsinstance=""3"" jstcache=""287""></span><span class=""section-review-star"" jsan=""7.section-review-star"" jsinstance=""*4"" jstcache=""287""></span> </span>",https://www.google.com/maps/contrib/102191100755153264677?hl=en-IN,"Teo things u can do. Sit and eat or stand and take away. Two options check the time u have for ur flight and decide. Sitting down in the morning for bf is self service and after that, it's table service. Table service will take about 10 mins. Meals are good in the afternoon. But quite repetitive and they don't even look at u once they serve u with the food as they don't wanna give u extra items to eat.

The food is average to good in taste. Morning breakfast is there with combo so u can take how much ever u want sambar and stuff. Dont get up and go to get extra sambar ask those restro guys they will get it for u with a big smile. But little money minded ppl.",2 years ago
 vikas bagrecha ,"<span aria-label="" 5 stars "" class=""section-review-stars"" jsan=""7.section-review-stars,0.aria-label,0.role,t-1xcf3_7ROhA"" jstcache=""248"" role=""img""> <span class=""section-review-star section-review-star-active"" jsan=""7.section-review-star,7.section-review-star-active"" jsinstance=""0"" jstcache=""287""></span><span class=""section-review-star section-review-star-active"" jsan=""7.section-review-star,7.section-review-star-active"" jsinstance=""1"" jstcache=""287""></span><span class=""section-review-star section-review-star-active"" jsan=""7.section-review-star,7.section-review-star-active"" jsinstance=""2"" jstcache=""287""></span><span class=""section-review-star section-review-star-active"" jsan=""7.section-review-star,7.section-review-star-active"" jsinstance=""3"" jstcache=""287""></span><span class=""section-review-star section-review-star-active"" jsan=""7.section-review-star,7.section-review-star-active"" jsinstance=""*4"" jstcache=""287""></span> </span>",https://www.google.com/maps/contrib/117637503954477429094?hl=en-IN,The food is really good. And the service is very quick and lot of options for authentic South Indian food available,2 years ago
 Asu Patel ,"<span aria-label="" 3 stars "" class=""section-review-stars"" jsan=""7.section-review-stars,0.aria-label,0.role,t-1xcf3_7ROhA"" jstcache=""248"" role=""img""> <span class=""section-review-star section-review-star-active"" jsan=""7.section-review-star,7.section-review-star-active"" jsinstance=""0"" jstcache=""287""></span><span class=""section-review-star section-review-star-active"" jsan=""7.section-review-star,7.section-review-star-active"" jsinstance=""1"" jstcache=""287""></span><span class=""section-review-star section-review-star-active"" jsan=""7.section-review-star,7.section-review-star-active"" jsinstance=""2"" jstcache=""287""></span><span class=""section-review-star"" jsan=""7.section-review-star"" jsinstance=""3"" jstcache=""287""></span><span class=""section-review-star"" jsan=""7.section-review-star"" jsinstance=""*4"" jstcache=""287""></span> </span>",https://www.google.com/maps/contrib/108855183948432091529?hl=en-IN,"Tiffin Center
Flavors from the south 
Is located in the premises of bengaluru international airport 
Food quality was not cross up to the mark here you will get it all the South Indian dishes like idli wada dosa and much more coconut chutney was to yummy",a year ago
 Shailesh Kiran ,"<span aria-label="" 4 stars "" class=""section-review-stars"" jsan=""7.section-review-stars,0.aria-label,0.role,t-1xcf3_7ROhA"" jstcache=""248"" role=""img""> <span class=""section-review-star section-review-star-active"" jsan=""7.section-review-star,7.section-review-star-active"" jsinstance=""0"" jstcache=""287""></span><span class=""section-review-star section-review-star-active"" jsan=""7.section-review-star,7.section-review-star-active"" jsinstance=""1"" jstcache=""287""></span><span class=""section-review-star section-review-star-active"" jsan=""7.section-review-star,7.section-review-star-active"" jsinstance=""2"" jstcache=""287""></span><span class=""section-review-star section-review-star-active"" jsan=""7.section-review-star,7.section-review-star-active"" jsinstance=""3"" jstcache=""287""></span><span class=""section-review-star"" jsan=""7.section-review-star"" jsinstance=""*4"" jstcache=""287""></span> </span>",https://www.google.com/maps/contrib/109549583267306959993?hl=en-IN,"Well this is the first time I am having my lunch here and I was craving for some Indian food since I could not get it for like straight 4 Months . 
By appearance restaurant seems pretty good since it is in airport and maintained well with friendly staff with typical Indian attire saree and dhotis as their uniform (since they have a tag line flavours of south they opted for saree and dhoti I guess ) . Ok now the main part I simply ordered for thali with n number of sambar, saaru (May be will call it curries ) and many other as you see in the photo . You get payasam ,curd and steamed rice /tamarind rice . I fell in love with the thali (I haven’t had Indian food for long that might be one of the reasons) . I have also ordered chicken curry which was  for 99 rupees and butter milk and final bill was for whopping 774 rupees , which is very common in airports . You are obliged to pay so much . 
So in general I felt the restaurant is good even though few dishes are overpriced when I went through the Menu I even saw few authentic South Indian dishes and few mangalorean dishes like kori rotti, neer dose . Seems pretty good . So if you are stopping by this is one of the place to quench your hunger",6 months ago
 Anvesh Checka ,"<span aria-label="" 5 stars "" class=""section-review-stars"" jsan=""7.section-review-stars,0.aria-label,0.role,t-1xcf3_7ROhA"" jstcache=""248"" role=""img""> <span class=""section-review-star section-review-star-active"" jsan=""7.section-review-star,7.section-review-star-active"" jsinstance=""0"" jstcache=""287""></span><span class=""section-review-star section-review-star-active"" jsan=""7.section-review-star,7.section-review-star-active"" jsinstance=""1"" jstcache=""287""></span><span class=""section-review-star section-review-star-active"" jsan=""7.section-review-star,7.section-review-star-active"" jsinstance=""2"" jstcache=""287""></span><span class=""section-review-star section-review-star-active"" jsan=""7.section-review-star,7.section-review-star-active"" jsinstance=""3"" jstcache=""287""></span><span class=""section-review-star section-review-star-active"" jsan=""7.section-review-star,7.section-review-star-active"" jsinstance=""*4"" jstcache=""287""></span> </span>",https://www.google.com/maps/contrib/104573604065521431070?hl=en-IN,I’ve had a breakfast thali here and it’s tasty.  Many items available here are Andhra. I’d definitely recommend it to someone who is wanting to try.,6 months ago
 Jegan Mohan ,"<span aria-label="" 4 stars "" class=""section-review-stars"" jsan=""7.section-review-stars,0.aria-label,0.role,t-1xcf3_7ROhA"" jstcache=""248"" role=""img""> <span class=""section-review-star section-review-star-active"" jsan=""7.section-review-star,7.section-review-star-active"" jsinstance=""0"" jstcache=""287""></span><span class=""section-review-star section-review-star-active"" jsan=""7.section-review-star,7.section-review-star-active"" jsinstance=""1"" jstcache=""287""></span><span class=""section-review-star section-review-star-active"" jsan=""7.section-review-star,7.section-review-star-active"" jsinstance=""2"" jstcache=""287""></span><span class=""section-review-star section-review-star-active"" jsan=""7.section-review-star,7.section-review-star-active"" jsinstance=""3"" jstcache=""287""></span><span class=""section-review-star"" jsan=""7.section-review-star"" jsinstance=""*4"" jstcache=""287""></span> </span>",https://www.google.com/maps/contrib/115519273187354675653?hl=en-IN,Good variety of Indian food. In an airport getting so much variety is a luxury ,3 years ago
 Ariin Ss ,"<span aria-label="" 1 star "" class=""section-review-stars"" jsan=""7.section-review-stars,0.aria-label,0.role,t-1xcf3_7ROhA"" jstcache=""248"" role=""img""> <span class=""section-review-star section-review-star-active"" jsan=""7.section-review-star,7.section-review-star-active"" jsinstance=""0"" jstcache=""287""></span><span class=""section-review-star"" jsan=""7.section-review-star"" jsinstance=""1"" jstcache=""287""></span><span class=""section-review-star"" jsan=""7.section-review-star"" jsinstance=""2"" jstcache=""287""></span><span class=""section-review-star"" jsan=""7.section-review-star"" jsinstance=""3"" jstcache=""287""></span><span class=""section-review-star"" jsan=""7.section-review-star"" jsinstance=""*4"" jstcache=""287""></span> </span>",https://www.google.com/maps/contrib/117442761593094949011?hl=en-IN,The worse experience ever. You end up paying close to Rs. 250 for four ( 04 ) yes 4 pieces of “mirchi bhaji” which otherwise cost you around 25/- outside and the best part is once you think you are at least going to get the money’s worth you are greeted with just the outer layer and slices of a whole mirchi ( which should have been a whole mirchi in each in the first place ) squeezes into one. Don’t fall for this please !,6 months ago
 Basavaraju B V ,"<span aria-label="" 4 stars "" class=""section-review-stars"" jsan=""7.section-review-stars,0.aria-label,0.role,t-1xcf3_7ROhA"" jstcache=""248"" role=""img""> <span class=""section-review-star section-review-star-active"" jsan=""7.section-review-star,7.section-review-star-active"" jsinstance=""0"" jstcache=""287""></span><span class=""section-review-star section-review-star-active"" jsan=""7.section-review-star,7.section-review-star-active"" jsinstance=""1"" jstcache=""287""></span><span class=""section-review-star section-review-star-active"" jsan=""7.section-review-star,7.section-review-star-active"" jsinstance=""2"" jstcache=""287""></span><span class=""section-review-star section-review-star-active"" jsan=""7.section-review-star,7.section-review-star-active"" jsinstance=""3"" jstcache=""287""></span><span class=""section-review-star"" jsan=""7.section-review-star"" jsinstance=""*4"" jstcache=""287""></span> </span>",https://www.google.com/maps/contrib/110872757799462145941?hl=en-IN,Good place to have fast food. One thing to remember is keep water with you.,6 months ago
 Vijay S ,"<span aria-label="" 3 stars "" class=""section-review-stars"" jsan=""7.section-review-stars,0.aria-label,0.role,t-1xcf3_7ROhA"" jstcache=""248"" role=""img""> <span class=""section-review-star section-review-star-active"" jsan=""7.section-review-star,7.section-review-star-active"" jsinstance=""0"" jstcache=""287""></span><span class=""section-review-star section-review-star-active"" jsan=""7.section-review-star,7.section-review-star-active"" jsinstance=""1"" jstcache=""287""></span><span class=""section-review-star section-review-star-active"" jsan=""7.section-review-star,7.section-review-star-active"" jsinstance=""2"" jstcache=""287""></span><span class=""section-review-star"" jsan=""7.section-review-star"" jsinstance=""3"" jstcache=""287""></span><span class=""section-review-star"" jsan=""7.section-review-star"" jsinstance=""*4"" jstcache=""287""></span> </span>",https://www.google.com/maps/contrib/113845550389874552760?hl=en-IN,Tastes average..,9 months ago
 gaurav tripathi ,"<span aria-label="" 1 star "" class=""section-review-stars"" jsan=""7.section-review-stars,0.aria-label,0.role,t-1xcf3_7ROhA"" jstcache=""248"" role=""img""> <span class=""section-review-star section-review-star-active"" jsan=""7.section-review-star,7.section-review-star-active"" jsinstance=""0"" jstcache=""287""></span><span class=""section-review-star"" jsan=""7.section-review-star"" jsinstance=""1"" jstcache=""287""></span><span class=""section-review-star"" jsan=""7.section-review-star"" jsinstance=""2"" jstcache=""287""></span><span class=""section-review-star"" jsan=""7.section-review-star"" jsinstance=""3"" jstcache=""287""></span><span class=""section-review-star"" jsan=""7.section-review-star"" jsinstance=""*4"" jstcache=""287""></span> </span>",https://www.google.com/maps/contrib/108367015166918672736?hl=en-IN,Worst south indian food and even worse was the service.,4 months ago
 Deepak Joseph ,"<span aria-label="" 4 stars "" class=""section-review-stars"" jsan=""7.section-review-stars,0.aria-label,0.role,t-1xcf3_7ROhA"" jstcache=""248"" role=""img""> <span class=""section-review-star section-review-star-active"" jsan=""7.section-review-star,7.section-review-star-active"" jsinstance=""0"" jstcache=""287""></span><span class=""section-review-star section-review-star-active"" jsan=""7.section-review-star,7.section-review-star-active"" jsinstance=""1"" jstcache=""287""></span><span class=""section-review-star section-review-star-active"" jsan=""7.section-review-star,7.section-review-star-active"" jsinstance=""2"" jstcache=""287""></span><span class=""section-review-star section-review-star-active"" jsan=""7.section-review-star,7.section-review-star-active"" jsinstance=""3"" jstcache=""287""></span><span class=""section-review-star"" jsan=""7.section-review-star"" jsinstance=""*4"" jstcache=""287""></span> </span>",https://www.google.com/maps/contrib/112544442251023695930?hl=en-IN,The food is great and the taste is exceptional. They hesitate in giving seconds for chutney though.,7 months ago
 Vaishnavi K ,"<span aria-label="" 1 star "" class=""section-review-stars"" jsan=""7.section-review-stars,0.aria-label,0.role,t-1xcf3_7ROhA"" jstcache=""248"" role=""img""> <span class=""section-review-star section-review-star-active"" jsan=""7.section-review-star,7.section-review-star-active"" jsinstance=""0"" jstcache=""287""></span><span class=""section-review-star"" jsan=""7.section-review-star"" jsinstance=""1"" jstcache=""287""></span><span class=""section-review-star"" jsan=""7.section-review-star"" jsinstance=""2"" jstcache=""287""></span><span class=""section-review-star"" jsan=""7.section-review-star"" jsinstance=""3"" jstcache=""287""></span><span class=""section-review-star"" jsan=""7.section-review-star"" jsinstance=""*4"" jstcache=""287""></span> </span>",https://www.google.com/maps/contrib/101524993677173160090?hl=en-IN,Overpriced food. The dosa made from stale batter. Regret eating here.,6 months ago
 Niranjan Kamath ,"<span aria-label="" 4 stars "" class=""section-review-stars"" jsan=""7.section-review-stars,0.aria-label,0.role,t-1xcf3_7ROhA"" jstcache=""248"" role=""img""> <span class=""section-review-star section-review-star-active"" jsan=""7.section-review-star,7.section-review-star-active"" jsinstance=""0"" jstcache=""287""></span><span class=""section-review-star section-review-star-active"" jsan=""7.section-review-star,7.section-review-star-active"" jsinstance=""1"" jstcache=""287""></span><span class=""section-review-star section-review-star-active"" jsan=""7.section-review-star,7.section-review-star-active"" jsinstance=""2"" jstcache=""287""></span><span class=""section-review-star section-review-star-active"" jsan=""7.section-review-star,7.section-review-star-active"" jsinstance=""3"" jstcache=""287""></span><span class=""section-review-star"" jsan=""7.section-review-star"" jsinstance=""*4"" jstcache=""287""></span> </span>",https://www.google.com/maps/contrib/106920621892762361758?hl=en-IN,Decent Tiffin items and a good spread on the thali.,2 years ago
 Suresh Kanzariya ,"<span aria-label="" 4 stars "" class=""section-review-stars"" jsan=""7.section-review-stars,0.aria-label,0.role,t-1xcf3_7ROhA"" jstcache=""248"" role=""img""> <span class=""section-review-star section-review-star-active"" jsan=""7.section-review-star,7.section-review-star-active"" jsinstance=""0"" jstcache=""287""></span><span class=""section-review-star section-review-star-active"" jsan=""7.section-review-star,7.section-review-star-active"" jsinstance=""1"" jstcache=""287""></span><span class=""section-review-star section-review-star-active"" jsan=""7.section-review-star,7.section-review-star-active"" jsinstance=""2"" jstcache=""287""></span><span class=""section-review-star section-review-star-active"" jsan=""7.section-review-star,7.section-review-star-active"" jsinstance=""3"" jstcache=""287""></span><span class=""section-review-star"" jsan=""7.section-review-star"" jsinstance=""*4"" jstcache=""287""></span> </span>",https://www.google.com/maps/contrib/103876427455051502871?hl=en-IN,"I ordered badam milk,  test was good, decent place.",2 years ago
 DJ Vlogs ,"<span aria-label="" 3 stars "" class=""section-review-stars"" jsan=""7.section-review-stars,0.aria-label,0.role,t-1xcf3_7ROhA"" jstcache=""248"" role=""img""> <span class=""section-review-star section-review-star-active"" jsan=""7.section-review-star,7.section-review-star-active"" jsinstance=""0"" jstcache=""287""></span><span class=""section-review-star section-review-star-active"" jsan=""7.section-review-star,7.section-review-star-active"" jsinstance=""1"" jstcache=""287""></span><span class=""section-review-star section-review-star-active"" jsan=""7.section-review-star,7.section-review-star-active"" jsinstance=""2"" jstcache=""287""></span><span class=""section-review-star"" jsan=""7.section-review-star"" jsinstance=""3"" jstcache=""287""></span><span class=""section-review-star"" jsan=""7.section-review-star"" jsinstance=""*4"" jstcache=""287""></span> </span>",https://www.google.com/maps/contrib/105261384558839764046?hl=en-IN,A complete centre for south indian breakfast  🙂,3 months ago
 Suryaveda Pradhan ,"<span aria-label="" 1 star "" class=""section-review-stars"" jsan=""7.section-review-stars,0.aria-label,0.role,t-1xcf3_7ROhA"" jstcache=""248"" role=""img""> <span class=""section-review-star section-review-star-active"" jsan=""7.section-review-star,7.section-review-star-active"" jsinstance=""0"" jstcache=""287""></span><span class=""section-review-star"" jsan=""7.section-review-star"" jsinstance=""1"" jstcache=""287""></span><span class=""section-review-star"" jsan=""7.section-review-star"" jsinstance=""2"" jstcache=""287""></span><span class=""section-review-star"" jsan=""7.section-review-star"" jsinstance=""3"" jstcache=""287""></span><span class=""section-review-star"" jsan=""7.section-review-star"" jsinstance=""*4"" jstcache=""287""></span> </span>",https://www.google.com/maps/contrib/101472914733144558134?hl=en-IN,This place sux.They put the idli and sambar in a narrow container and the food here is very bad.Never eat here.It is seriously not worth it.It is the worst place ever.It takes Hours and hours for service.Only if you come like an hour …,6 months ago
 Swapna Hp ,"<span aria-label="" 3 stars "" class=""section-review-stars"" jsan=""7.section-review-stars,0.aria-label,0.role,t-1xcf3_7ROhA"" jstcache=""248"" role=""img""> <span class=""section-review-star section-review-star-active"" jsan=""7.section-review-star,7.section-review-star-active"" jsinstance=""0"" jstcache=""287""></span><span class=""section-review-star section-review-star-active"" jsan=""7.section-review-star,7.section-review-star-active"" jsinstance=""1"" jstcache=""287""></span><span class=""section-review-star section-review-star-active"" jsan=""7.section-review-star,7.section-review-star-active"" jsinstance=""2"" jstcache=""287""></span><span class=""section-review-star"" jsan=""7.section-review-star"" jsinstance=""3"" jstcache=""287""></span><span class=""section-review-star"" jsan=""7.section-review-star"" jsinstance=""*4"" jstcache=""287""></span> </span>",https://www.google.com/maps/contrib/115001601429169574142?hl=en-IN,Very expensive but no way for airport travellers. You have to pay 199 for upma...160 for idli vada n all. Food is not bad. Ambiance is good.,2 years ago
 Rajdeep Dutta Bhuyan ,"<span aria-label="" 1 star "" class=""section-review-stars"" jsan=""7.section-review-stars,0.aria-label,0.role,t-1xcf3_7ROhA"" jstcache=""248"" role=""img""> <span class=""section-review-star section-review-star-active"" jsan=""7.section-review-star,7.section-review-star-active"" jsinstance=""0"" jstcache=""287""></span><span class=""section-review-star"" jsan=""7.section-review-star"" jsinstance=""1"" jstcache=""287""></span><span class=""section-review-star"" jsan=""7.section-review-star"" jsinstance=""2"" jstcache=""287""></span><span class=""section-review-star"" jsan=""7.section-review-star"" jsinstance=""3"" jstcache=""287""></span><span class=""section-review-star"" jsan=""7.section-review-star"" jsinstance=""*4"" jstcache=""287""></span> </span>",https://www.google.com/maps/contrib/115638442784043399604?hl=en-IN,Very poor service. For a cup of coffee and snacks have to wait for more than 45mins . Even after reminder of the order they ignored. At that time it was not crowded.,9 months ago
 Ram N K ,"<span aria-label="" 5 stars "" class=""section-review-stars"" jsan=""7.section-review-stars,0.aria-label,0.role,t-1xcf3_7ROhA"" jstcache=""248"" role=""img""> <span class=""section-review-star section-review-star-active"" jsan=""7.section-review-star,7.section-review-star-active"" jsinstance=""0"" jstcache=""287""></span><span class=""section-review-star section-review-star-active"" jsan=""7.section-review-star,7.section-review-star-active"" jsinstance=""1"" jstcache=""287""></span><span class=""section-review-star section-review-star-active"" jsan=""7.section-review-star,7.section-review-star-active"" jsinstance=""2"" jstcache=""287""></span><span class=""section-review-star section-review-star-active"" jsan=""7.section-review-star,7.section-review-star-active"" jsinstance=""3"" jstcache=""287""></span><span class=""section-review-star section-review-star-active"" jsan=""7.section-review-star,7.section-review-star-active"" jsinstance=""*4"" jstcache=""287""></span> </span>",https://www.google.com/maps/contrib/116052850576935038163?hl=en-IN,Awesome breakfast thali,a year ago
 Jawed Ahmed ,"<span aria-label="" 4 stars "" class=""section-review-stars"" jsan=""7.section-review-stars,0.aria-label,0.role,t-1xcf3_7ROhA"" jstcache=""248"" role=""img""> <span class=""section-review-star section-review-star-active"" jsan=""7.section-review-star,7.section-review-star-active"" jsinstance=""0"" jstcache=""287""></span><span class=""section-review-star section-review-star-active"" jsan=""7.section-review-star,7.section-review-star-active"" jsinstance=""1"" jstcache=""287""></span><span class=""section-review-star section-review-star-active"" jsan=""7.section-review-star,7.section-review-star-active"" jsinstance=""2"" jstcache=""287""></span><span class=""section-review-star section-review-star-active"" jsan=""7.section-review-star,7.section-review-star-active"" jsinstance=""3"" jstcache=""287""></span><span class=""section-review-star"" jsan=""7.section-review-star"" jsinstance=""*4"" jstcache=""287""></span> </span>",https://www.google.com/maps/contrib/109880164047886286993?hl=en-IN,"They serve very few items but they serve fast. I read other people complaining about prices. But that comes with the location. If you see other places inside the airport, none of them are cheap. 
Their button idli is good. They serve lots …",2 years ago
 Lakshmi Venkatesh ,"<span aria-label="" 2 stars "" class=""section-review-stars"" jsan=""7.section-review-stars,0.aria-label,0.role,t-1xcf3_7ROhA"" jstcache=""248"" role=""img""> <span class=""section-review-star section-review-star-active"" jsan=""7.section-review-star,7.section-review-star-active"" jsinstance=""0"" jstcache=""287""></span><span class=""section-review-star section-review-star-active"" jsan=""7.section-review-star,7.section-review-star-active"" jsinstance=""1"" jstcache=""287""></span><span class=""section-review-star"" jsan=""7.section-review-star"" jsinstance=""2"" jstcache=""287""></span><span class=""section-review-star"" jsan=""7.section-review-star"" jsinstance=""3"" jstcache=""287""></span><span class=""section-review-star"" jsan=""7.section-review-star"" jsinstance=""*4"" jstcache=""287""></span> </span>",https://www.google.com/maps/contrib/110567569654851905333?hl=en-IN,Short staffed. Suited booted manager hangs around in the restaurant doing nothing..you wait and wait and wait..,11 months ago
 Ankit Lalit ,"<span aria-label="" 1 star "" class=""section-review-stars"" jsan=""7.section-review-stars,0.aria-label,0.role,t-1xcf3_7ROhA"" jstcache=""248"" role=""img""> <span class=""section-review-star section-review-star-active"" jsan=""7.section-review-star,7.section-review-star-active"" jsinstance=""0"" jstcache=""287""></span><span class=""section-review-star"" jsan=""7.section-review-star"" jsinstance=""1"" jstcache=""287""></span><span class=""section-review-star"" jsan=""7.section-review-star"" jsinstance=""2"" jstcache=""287""></span><span class=""section-review-star"" jsan=""7.section-review-star"" jsinstance=""3"" jstcache=""287""></span><span class=""section-review-star"" jsan=""7.section-review-star"" jsinstance=""*4"" jstcache=""287""></span> </span>",https://www.google.com/maps/contrib/116909517159271346986?hl=en-IN,"I am sitting here from last half an hour and these guys are not even taking my order. This is unexpected behaviour from this joint. 
Pathetic service.",2 months ago
 Prarthana Alley ,"<span aria-label="" 1 star "" class=""section-review-stars"" jsan=""7.section-review-stars,0.aria-label,0.role,t-1xcf3_7ROhA"" jstcache=""248"" role=""img""> <span class=""section-review-star section-review-star-active"" jsan=""7.section-review-star,7.section-review-star-active"" jsinstance=""0"" jstcache=""287""></span><span class=""section-review-star"" jsan=""7.section-review-star"" jsinstance=""1"" jstcache=""287""></span><span class=""section-review-star"" jsan=""7.section-review-star"" jsinstance=""2"" jstcache=""287""></span><span class=""section-review-star"" jsan=""7.section-review-star"" jsinstance=""3"" jstcache=""287""></span><span class=""section-review-star"" jsan=""7.section-review-star"" jsinstance=""*4"" jstcache=""287""></span> </span>",https://www.google.com/maps/contrib/106301053956430529255?hl=en-IN,Poor food quality. Served cold and masala in the dosa wasn't fresh. Have complained but no one came  to even ask or replace the food.,8 months ago
 Satish singh ,"<span aria-label="" 4 stars "" class=""section-review-stars"" jsan=""7.section-review-stars,0.aria-label,0.role,t-1xcf3_7ROhA"" jstcache=""248"" role=""img""> <span class=""section-review-star section-review-star-active"" jsan=""7.section-review-star,7.section-review-star-active"" jsinstance=""0"" jstcache=""287""></span><span class=""section-review-star section-review-star-active"" jsan=""7.section-review-star,7.section-review-star-active"" jsinstance=""1"" jstcache=""287""></span><span class=""section-review-star section-review-star-active"" jsan=""7.section-review-star,7.section-review-star-active"" jsinstance=""2"" jstcache=""287""></span><span class=""section-review-star section-review-star-active"" jsan=""7.section-review-star,7.section-review-star-active"" jsinstance=""3"" jstcache=""287""></span><span class=""section-review-star"" jsan=""7.section-review-star"" jsinstance=""*4"" jstcache=""287""></span> </span>",https://www.google.com/maps/contrib/104198427611537956850?hl=en-IN,Nice south indian foods.,2 years ago
