Reviewer Name,Reviewer Rating,Reviewer Profile URL,Review,Time
 Maria Reeba ,"<span aria-label="" 5 stars "" class=""section-review-stars"" jsan=""7.section-review-stars,0.aria-label,0.role,t-1xcf3_7ROhA"" jstcache=""228"" role=""img""> <span class=""section-review-star section-review-star-active"" jsan=""7.section-review-star,7.section-review-star-active"" jsinstance=""0"" jstcache=""267""></span><span class=""section-review-star section-review-star-active"" jsan=""7.section-review-star,7.section-review-star-active"" jsinstance=""1"" jstcache=""267""></span><span class=""section-review-star section-review-star-active"" jsan=""7.section-review-star,7.section-review-star-active"" jsinstance=""2"" jstcache=""267""></span><span class=""section-review-star section-review-star-active"" jsan=""7.section-review-star,7.section-review-star-active"" jsinstance=""3"" jstcache=""267""></span><span class=""section-review-star section-review-star-active"" jsan=""7.section-review-star,7.section-review-star-active"" jsinstance=""*4"" jstcache=""267""></span> </span>",https://www.google.com/maps/contrib/109998360013412772826?hl=en-IN,"This airport is wonderful, both the International side as well as the domestic side. This airport can get busy but is nice overall. You can go to many destinations from here. The restaurants here are good too, both inside and outside. The architecture of the airport and the landscape on the way to the airport is good. Many people, especially the youth go to the airport just for long drives and to enjoy the restaurants without having to catch a flight.",2 months ago
 Jagrati Negi ,"<span aria-label="" 5 stars "" class=""section-review-stars"" jsan=""7.section-review-stars,0.aria-label,0.role,t-1xcf3_7ROhA"" jstcache=""228"" role=""img""> <span class=""section-review-star section-review-star-active"" jsan=""7.section-review-star,7.section-review-star-active"" jsinstance=""0"" jstcache=""267""></span><span class=""section-review-star section-review-star-active"" jsan=""7.section-review-star,7.section-review-star-active"" jsinstance=""1"" jstcache=""267""></span><span class=""section-review-star section-review-star-active"" jsan=""7.section-review-star,7.section-review-star-active"" jsinstance=""2"" jstcache=""267""></span><span class=""section-review-star section-review-star-active"" jsan=""7.section-review-star,7.section-review-star-active"" jsinstance=""3"" jstcache=""267""></span><span class=""section-review-star section-review-star-active"" jsan=""7.section-review-star,7.section-review-star-active"" jsinstance=""*4"" jstcache=""267""></span> </span>",https://www.google.com/maps/contrib/108493100768535255021?hl=en-IN,"I visited the Airport in June 2018 and, I must write loved everything about the place. The staff is so down to earth. Cleanliness is very essential and, I must write the airport is very clean. Even the check-in process was very smooth. 
Ratings:
Ambience: 10/10
Staff: 10/10
NOTE: Everything written above is solely based on my own experience. :)",a month ago
 Gopal Patnaik ,"<span aria-label="" 4 stars "" class=""section-review-stars"" jsan=""7.section-review-stars,0.aria-label,0.role,t-1xcf3_7ROhA"" jstcache=""228"" role=""img""> <span class=""section-review-star section-review-star-active"" jsan=""7.section-review-star,7.section-review-star-active"" jsinstance=""0"" jstcache=""267""></span><span class=""section-review-star section-review-star-active"" jsan=""7.section-review-star,7.section-review-star-active"" jsinstance=""1"" jstcache=""267""></span><span class=""section-review-star section-review-star-active"" jsan=""7.section-review-star,7.section-review-star-active"" jsinstance=""2"" jstcache=""267""></span><span class=""section-review-star section-review-star-active"" jsan=""7.section-review-star,7.section-review-star-active"" jsinstance=""3"" jstcache=""267""></span><span class=""section-review-star"" jsan=""7.section-review-star"" jsinstance=""*4"" jstcache=""267""></span> </span>",https://www.google.com/maps/contrib/110758525206395992954?hl=en-IN,"Kempegowda International Airport,Bangalore is one of the nice and well maintained airport of India.It is around 40 kilometers from town but if one starts in time there is every chance of missing the flight due to traffic.
The air port has all the facilities and very good staff.However here the food appears to be little bit costlier.
Here the pick up facility is very nicely maintained by dividing the area in to different numbers making very convenient to travellers and vehicle drivers.",2 months ago
 S A ,"<span aria-label="" 5 stars "" class=""section-review-stars"" jsan=""7.section-review-stars,0.aria-label,0.role,t-1xcf3_7ROhA"" jstcache=""228"" role=""img""> <span class=""section-review-star section-review-star-active"" jsan=""7.section-review-star,7.section-review-star-active"" jsinstance=""0"" jstcache=""267""></span><span class=""section-review-star section-review-star-active"" jsan=""7.section-review-star,7.section-review-star-active"" jsinstance=""1"" jstcache=""267""></span><span class=""section-review-star section-review-star-active"" jsan=""7.section-review-star,7.section-review-star-active"" jsinstance=""2"" jstcache=""267""></span><span class=""section-review-star section-review-star-active"" jsan=""7.section-review-star,7.section-review-star-active"" jsinstance=""3"" jstcache=""267""></span><span class=""section-review-star section-review-star-active"" jsan=""7.section-review-star,7.section-review-star-active"" jsinstance=""*4"" jstcache=""267""></span> </span>",https://www.google.com/maps/contrib/102570893528392001794?hl=en-IN,"A beautiful n spacious airport!
Decorated with sufficient lights, it is fine! People employed over there are helpful to guide the passengers. Porters r too good! 

City buses n taxies are available from different points of the city!
Different Foods are readily available at the door step! Traffic systems are nicely regulated!

Unfortunately the city traffic is too heavy and unless u start a long time before, it is not possible to reach the airport in time, still not connected by train service, the fate of Silicon valley of India!",2 months ago
 Gagandeep Bhatia ,"<span aria-label="" 5 stars "" class=""section-review-stars"" jsan=""7.section-review-stars,0.aria-label,0.role,t-1xcf3_7ROhA"" jstcache=""228"" role=""img""> <span class=""section-review-star section-review-star-active"" jsan=""7.section-review-star,7.section-review-star-active"" jsinstance=""0"" jstcache=""267""></span><span class=""section-review-star section-review-star-active"" jsan=""7.section-review-star,7.section-review-star-active"" jsinstance=""1"" jstcache=""267""></span><span class=""section-review-star section-review-star-active"" jsan=""7.section-review-star,7.section-review-star-active"" jsinstance=""2"" jstcache=""267""></span><span class=""section-review-star section-review-star-active"" jsan=""7.section-review-star,7.section-review-star-active"" jsinstance=""3"" jstcache=""267""></span><span class=""section-review-star section-review-star-active"" jsan=""7.section-review-star,7.section-review-star-active"" jsinstance=""*4"" jstcache=""267""></span> </span>",https://www.google.com/maps/contrib/103298498769513061401?hl=en-IN,One of the best airport I visited so far.... All the facilities are available here.... The place is well maintained and well connected to each part of the city.... The sitting area is also very well designed.... Just go through the process and no need to worry everything is same here.... Hope you find the same here...,3 months ago
 Irfan ,"<span aria-label="" 5 stars "" class=""section-review-stars"" jsan=""7.section-review-stars,0.aria-label,0.role,t-1xcf3_7ROhA"" jstcache=""228"" role=""img""> <span class=""section-review-star section-review-star-active"" jsan=""7.section-review-star,7.section-review-star-active"" jsinstance=""0"" jstcache=""267""></span><span class=""section-review-star section-review-star-active"" jsan=""7.section-review-star,7.section-review-star-active"" jsinstance=""1"" jstcache=""267""></span><span class=""section-review-star section-review-star-active"" jsan=""7.section-review-star,7.section-review-star-active"" jsinstance=""2"" jstcache=""267""></span><span class=""section-review-star section-review-star-active"" jsan=""7.section-review-star,7.section-review-star-active"" jsinstance=""3"" jstcache=""267""></span><span class=""section-review-star section-review-star-active"" jsan=""7.section-review-star,7.section-review-star-active"" jsinstance=""*4"" jstcache=""267""></span> </span>",https://www.google.com/maps/contrib/100729382635000406328?hl=en-IN,"Well maintained and clean airport inside as well as outside. As this is one of busiest airport of India and number of people comes here. The chair facilities outside the airport is in minimum numbers, and only some people can occupy the chairs. So the chairs should be increased.
Then it's so far so good, from where you travel almost all the corner of India.",a month ago
 Psivam R ,"<span aria-label="" 5 stars "" class=""section-review-stars"" jsan=""7.section-review-stars,0.aria-label,0.role,t-1xcf3_7ROhA"" jstcache=""228"" role=""img""> <span class=""section-review-star section-review-star-active"" jsan=""7.section-review-star,7.section-review-star-active"" jsinstance=""0"" jstcache=""267""></span><span class=""section-review-star section-review-star-active"" jsan=""7.section-review-star,7.section-review-star-active"" jsinstance=""1"" jstcache=""267""></span><span class=""section-review-star section-review-star-active"" jsan=""7.section-review-star,7.section-review-star-active"" jsinstance=""2"" jstcache=""267""></span><span class=""section-review-star section-review-star-active"" jsan=""7.section-review-star,7.section-review-star-active"" jsinstance=""3"" jstcache=""267""></span><span class=""section-review-star section-review-star-active"" jsan=""7.section-review-star,7.section-review-star-active"" jsinstance=""*4"" jstcache=""267""></span> </span>",https://www.google.com/maps/contrib/110145618268185719329?hl=en-IN,"Beautiful. Vast parking lot. Very beautiful arrangements for parking, pickup, drop facilities. Reasonable parking charges. Beautiful environment. Nice lighting. 67% of the electric power met by solar power. Very good road facility.",a month ago
 Goutham HT ,"<span aria-label="" 5 stars "" class=""section-review-stars"" jsan=""7.section-review-stars,0.aria-label,0.role,t-1xcf3_7ROhA"" jstcache=""228"" role=""img""> <span class=""section-review-star section-review-star-active"" jsan=""7.section-review-star,7.section-review-star-active"" jsinstance=""0"" jstcache=""267""></span><span class=""section-review-star section-review-star-active"" jsan=""7.section-review-star,7.section-review-star-active"" jsinstance=""1"" jstcache=""267""></span><span class=""section-review-star section-review-star-active"" jsan=""7.section-review-star,7.section-review-star-active"" jsinstance=""2"" jstcache=""267""></span><span class=""section-review-star section-review-star-active"" jsan=""7.section-review-star,7.section-review-star-active"" jsinstance=""3"" jstcache=""267""></span><span class=""section-review-star section-review-star-active"" jsan=""7.section-review-star,7.section-review-star-active"" jsinstance=""*4"" jstcache=""267""></span> </span>",https://www.google.com/maps/contrib/104680790314089699249?hl=en-IN,"The airport is very nice, though it is situated in a little distance from main town. There are numbers of food corners available. The entire area is very beautiful for it's decoration. There are bar, smoking zone etc are also available. You can pick up a baby stroller for your baby as well. Ground floor is for web check-in and 1st floor is for security-check. You may use many of the points available for self check-in if you are in rush.",2 months ago
 Shivnath Karmakar ,"<span aria-label="" 4 stars "" class=""section-review-stars"" jsan=""7.section-review-stars,0.aria-label,0.role,t-1xcf3_7ROhA"" jstcache=""228"" role=""img""> <span class=""section-review-star section-review-star-active"" jsan=""7.section-review-star,7.section-review-star-active"" jsinstance=""0"" jstcache=""267""></span><span class=""section-review-star section-review-star-active"" jsan=""7.section-review-star,7.section-review-star-active"" jsinstance=""1"" jstcache=""267""></span><span class=""section-review-star section-review-star-active"" jsan=""7.section-review-star,7.section-review-star-active"" jsinstance=""2"" jstcache=""267""></span><span class=""section-review-star section-review-star-active"" jsan=""7.section-review-star,7.section-review-star-active"" jsinstance=""3"" jstcache=""267""></span><span class=""section-review-star"" jsan=""7.section-review-star"" jsinstance=""*4"" jstcache=""267""></span> </span>",https://www.google.com/maps/contrib/103010278435245318170?hl=en-IN,"The airport is very nice, though it is situated in a little distance from main town. There are numbers of food corners available. The entire area is very beautiful for it's decoration. There are bar, smoking zone etc are also available. You can pick up a baby stroller for your baby as well. Ground floor is for web check-in and 1st floor is for security-check. You may use many of the points available for self check-in if you are in rush.",2 months ago
 Gopikrishnan M ,"<span aria-label="" 5 stars "" class=""section-review-stars"" jsan=""7.section-review-stars,0.aria-label,0.role,t-1xcf3_7ROhA"" jstcache=""228"" role=""img""> <span class=""section-review-star section-review-star-active"" jsan=""7.section-review-star,7.section-review-star-active"" jsinstance=""0"" jstcache=""267""></span><span class=""section-review-star section-review-star-active"" jsan=""7.section-review-star,7.section-review-star-active"" jsinstance=""1"" jstcache=""267""></span><span class=""section-review-star section-review-star-active"" jsan=""7.section-review-star,7.section-review-star-active"" jsinstance=""2"" jstcache=""267""></span><span class=""section-review-star section-review-star-active"" jsan=""7.section-review-star,7.section-review-star-active"" jsinstance=""3"" jstcache=""267""></span><span class=""section-review-star section-review-star-active"" jsan=""7.section-review-star,7.section-review-star-active"" jsinstance=""*4"" jstcache=""267""></span> </span>",https://www.google.com/maps/contrib/105031913204477419595?hl=en-IN,One of the busiest international airports in India. Exteriors as well as interiors are very well maintained. The only problem with the airport is that it's pretty far from Bangalore city. Buses are available 24x7 to almost every part of Bangalore city. Cab services are available from the airport (airport cab). Alternatively UBER and OLA cabs may also be booked from here. There are dedicated parking slots for online cabs.,a month ago
 Dinesh Kumar Nayak ,"<span aria-label="" 4 stars "" class=""section-review-stars"" jsan=""7.section-review-stars,0.aria-label,0.role,t-1xcf3_7ROhA"" jstcache=""228"" role=""img""> <span class=""section-review-star section-review-star-active"" jsan=""7.section-review-star,7.section-review-star-active"" jsinstance=""0"" jstcache=""267""></span><span class=""section-review-star section-review-star-active"" jsan=""7.section-review-star,7.section-review-star-active"" jsinstance=""1"" jstcache=""267""></span><span class=""section-review-star section-review-star-active"" jsan=""7.section-review-star,7.section-review-star-active"" jsinstance=""2"" jstcache=""267""></span><span class=""section-review-star section-review-star-active"" jsan=""7.section-review-star,7.section-review-star-active"" jsinstance=""3"" jstcache=""267""></span><span class=""section-review-star"" jsan=""7.section-review-star"" jsinstance=""*4"" jstcache=""267""></span> </span>",https://www.google.com/maps/contrib/101923109235374640482?hl=en-IN,Everything is good. Food staff cleanliness all are fine. If they could arrange more chairs outside that would be good. What they have is not sufficient especially at night.,a month ago
 Joan Joseph ,"<span aria-label="" 5 stars "" class=""section-review-stars"" jsan=""7.section-review-stars,0.aria-label,0.role,t-1xcf3_7ROhA"" jstcache=""228"" role=""img""> <span class=""section-review-star section-review-star-active"" jsan=""7.section-review-star,7.section-review-star-active"" jsinstance=""0"" jstcache=""267""></span><span class=""section-review-star section-review-star-active"" jsan=""7.section-review-star,7.section-review-star-active"" jsinstance=""1"" jstcache=""267""></span><span class=""section-review-star section-review-star-active"" jsan=""7.section-review-star,7.section-review-star-active"" jsinstance=""2"" jstcache=""267""></span><span class=""section-review-star section-review-star-active"" jsan=""7.section-review-star,7.section-review-star-active"" jsinstance=""3"" jstcache=""267""></span><span class=""section-review-star section-review-star-active"" jsan=""7.section-review-star,7.section-review-star-active"" jsinstance=""*4"" jstcache=""267""></span> </span>",https://www.google.com/maps/contrib/112635994702293445472?hl=en-IN,One of the beautiful airports I have ever seen. Now getting more beautiful with landscaping happening.    Best part is it is a vast airport wit both domestic and international terminals. Very good budget parking area at P4 and well maintained outside restaurants and rest room areas. The Uber and Ola pick up points are an added advantage for those who travel in the cab.,a month ago
 Gaurav Phophaliya ,"<span aria-label="" 5 stars "" class=""section-review-stars"" jsan=""7.section-review-stars,0.aria-label,0.role,t-1xcf3_7ROhA"" jstcache=""228"" role=""img""> <span class=""section-review-star section-review-star-active"" jsan=""7.section-review-star,7.section-review-star-active"" jsinstance=""0"" jstcache=""267""></span><span class=""section-review-star section-review-star-active"" jsan=""7.section-review-star,7.section-review-star-active"" jsinstance=""1"" jstcache=""267""></span><span class=""section-review-star section-review-star-active"" jsan=""7.section-review-star,7.section-review-star-active"" jsinstance=""2"" jstcache=""267""></span><span class=""section-review-star section-review-star-active"" jsan=""7.section-review-star,7.section-review-star-active"" jsinstance=""3"" jstcache=""267""></span><span class=""section-review-star section-review-star-active"" jsan=""7.section-review-star,7.section-review-star-active"" jsinstance=""*4"" jstcache=""267""></span> </span>",https://www.google.com/maps/contrib/107812325876245123229?hl=en-IN,"Well maintained airport with every possible facilities.
Exteriors as well as interiors are well Maintained....
App based cab services have their own designated place with proper assistance...food court is also there various food varieties are there love it...♥️",a month ago
 Martin Christu Doss ,"<span aria-label="" 4 stars "" class=""section-review-stars"" jsan=""7.section-review-stars,0.aria-label,0.role,t-1xcf3_7ROhA"" jstcache=""228"" role=""img""> <span class=""section-review-star section-review-star-active"" jsan=""7.section-review-star,7.section-review-star-active"" jsinstance=""0"" jstcache=""267""></span><span class=""section-review-star section-review-star-active"" jsan=""7.section-review-star,7.section-review-star-active"" jsinstance=""1"" jstcache=""267""></span><span class=""section-review-star section-review-star-active"" jsan=""7.section-review-star,7.section-review-star-active"" jsinstance=""2"" jstcache=""267""></span><span class=""section-review-star section-review-star-active"" jsan=""7.section-review-star,7.section-review-star-active"" jsinstance=""3"" jstcache=""267""></span><span class=""section-review-star"" jsan=""7.section-review-star"" jsinstance=""*4"" jstcache=""267""></span> </span>",https://www.google.com/maps/contrib/115622268226479651650?hl=en-IN,"A beautiful n spacious airport! Decorated with sufficient lights, it is fine! People employed over there are helpful to guide the passengers. Porters r too good! City buses n taxies are available from different points of the city! Different Foods are readily available at the door step! Traffic systems are nicely regulated! Unfortunately the city traffic is too heavy and unless u start a long time before, it is not possible to reach the airport in time( I too missed my flight once), still not connected by train service, the fate of Silicon valley of India!",3 months ago
 Prince FR ,"<span aria-label="" 5 stars "" class=""section-review-stars"" jsan=""7.section-review-stars,0.aria-label,0.role,t-1xcf3_7ROhA"" jstcache=""228"" role=""img""> <span class=""section-review-star section-review-star-active"" jsan=""7.section-review-star,7.section-review-star-active"" jsinstance=""0"" jstcache=""267""></span><span class=""section-review-star section-review-star-active"" jsan=""7.section-review-star,7.section-review-star-active"" jsinstance=""1"" jstcache=""267""></span><span class=""section-review-star section-review-star-active"" jsan=""7.section-review-star,7.section-review-star-active"" jsinstance=""2"" jstcache=""267""></span><span class=""section-review-star section-review-star-active"" jsan=""7.section-review-star,7.section-review-star-active"" jsinstance=""3"" jstcache=""267""></span><span class=""section-review-star section-review-star-active"" jsan=""7.section-review-star,7.section-review-star-active"" jsinstance=""*4"" jstcache=""267""></span> </span>",https://www.google.com/maps/contrib/105496122183917291768?hl=en-IN,This is the best airport I have seen so far. The place is so beautiful and there is so much to see that you would never get bored here waiting for your flight! I could be here for the whole day! The security checks and everything is done very quickly because of the multiple counters available here. The BMTC bus service to the city outside the airport is also great! The staff is very helpful and you have those big sofas to lie on if you are tired and a whole bunch of good food options to munch on when hungry!,2 months ago
 Faizan Ahmed ,"<span aria-label="" 5 stars "" class=""section-review-stars"" jsan=""7.section-review-stars,0.aria-label,0.role,t-1xcf3_7ROhA"" jstcache=""228"" role=""img""> <span class=""section-review-star section-review-star-active"" jsan=""7.section-review-star,7.section-review-star-active"" jsinstance=""0"" jstcache=""267""></span><span class=""section-review-star section-review-star-active"" jsan=""7.section-review-star,7.section-review-star-active"" jsinstance=""1"" jstcache=""267""></span><span class=""section-review-star section-review-star-active"" jsan=""7.section-review-star,7.section-review-star-active"" jsinstance=""2"" jstcache=""267""></span><span class=""section-review-star section-review-star-active"" jsan=""7.section-review-star,7.section-review-star-active"" jsinstance=""3"" jstcache=""267""></span><span class=""section-review-star section-review-star-active"" jsan=""7.section-review-star,7.section-review-star-active"" jsinstance=""*4"" jstcache=""267""></span> </span>",https://www.google.com/maps/contrib/106583241829500197837?hl=en-IN,"This is very good airport or can say one of the best airport in India. 
As we traveled by indigo airlines there is lots of machines to print out your self boarding pass. And not to wait in queue just put your baggage in roller belt, operated by there staff as well by self also. It takes five minutes to do this work. Very quickly done. 
Staff is good and services also. 
Then security check all hand bags very fast comes out and can easily pick up them. 
Lots of shopes, well maintained airports.",3 months ago
 sajithjoy 07 ,"<span aria-label="" 5 stars "" class=""section-review-stars"" jsan=""7.section-review-stars,0.aria-label,0.role,t-1xcf3_7ROhA"" jstcache=""228"" role=""img""> <span class=""section-review-star section-review-star-active"" jsan=""7.section-review-star,7.section-review-star-active"" jsinstance=""0"" jstcache=""267""></span><span class=""section-review-star section-review-star-active"" jsan=""7.section-review-star,7.section-review-star-active"" jsinstance=""1"" jstcache=""267""></span><span class=""section-review-star section-review-star-active"" jsan=""7.section-review-star,7.section-review-star-active"" jsinstance=""2"" jstcache=""267""></span><span class=""section-review-star section-review-star-active"" jsan=""7.section-review-star,7.section-review-star-active"" jsinstance=""3"" jstcache=""267""></span><span class=""section-review-star section-review-star-active"" jsan=""7.section-review-star,7.section-review-star-active"" jsinstance=""*4"" jstcache=""267""></span> </span>",https://www.google.com/maps/contrib/114905774976176746015?hl=en-IN,"This airport will become one of the best in the world soon,

Clean & surrounded with greenery and also on expansion mode

The best is that you can come early to the airport and hang out at the restaurant and bars in-front of the airport.

Even if you like to chill after  2 am in Bangalore, the best option would be the restaurants near the airport, please make sure that you are not drunk and not creating nuisance to any there..

#thebestairportinindia",2 months ago
 Alan Alexander ,"<span aria-label="" 4 stars "" class=""section-review-stars"" jsan=""7.section-review-stars,0.aria-label,0.role,t-1xcf3_7ROhA"" jstcache=""228"" role=""img""> <span class=""section-review-star section-review-star-active"" jsan=""7.section-review-star,7.section-review-star-active"" jsinstance=""0"" jstcache=""267""></span><span class=""section-review-star section-review-star-active"" jsan=""7.section-review-star,7.section-review-star-active"" jsinstance=""1"" jstcache=""267""></span><span class=""section-review-star section-review-star-active"" jsan=""7.section-review-star,7.section-review-star-active"" jsinstance=""2"" jstcache=""267""></span><span class=""section-review-star section-review-star-active"" jsan=""7.section-review-star,7.section-review-star-active"" jsinstance=""3"" jstcache=""267""></span><span class=""section-review-star"" jsan=""7.section-review-star"" jsinstance=""*4"" jstcache=""267""></span> </span>",https://www.google.com/maps/contrib/100518770601723599671?hl=en-IN,"One of the biggest airport in the country with some great connections around the world.
The airport mainly caters domestic destinations.
The accessibly to the airport is very difficult a it is located on the outskirts of Bengaluru.
The construction of a second runway is on progress and place is well maintained too.
It is good to have metro services extended to the airport.",2 months ago
 DrPawan Begani ,"<span aria-label="" 5 stars "" class=""section-review-stars"" jsan=""7.section-review-stars,0.aria-label,0.role,t-1xcf3_7ROhA"" jstcache=""228"" role=""img""> <span class=""section-review-star section-review-star-active"" jsan=""7.section-review-star,7.section-review-star-active"" jsinstance=""0"" jstcache=""267""></span><span class=""section-review-star section-review-star-active"" jsan=""7.section-review-star,7.section-review-star-active"" jsinstance=""1"" jstcache=""267""></span><span class=""section-review-star section-review-star-active"" jsan=""7.section-review-star,7.section-review-star-active"" jsinstance=""2"" jstcache=""267""></span><span class=""section-review-star section-review-star-active"" jsan=""7.section-review-star,7.section-review-star-active"" jsinstance=""3"" jstcache=""267""></span><span class=""section-review-star section-review-star-active"" jsan=""7.section-review-star,7.section-review-star-active"" jsinstance=""*4"" jstcache=""267""></span> </span>",https://www.google.com/maps/contrib/107873043697325234381?hl=en-IN,"Nice & wide space for ambulation.. Lots of branded items available... Food, watches, wallets, books, garments etc are all available.. Waiting is also enjoyable.. Please reach airport at least 2 hours before schedule departure to avoid rush.. Long queue may be faced sometimes.. 
Taxi services are available round the clock.
 Even bus services are available (if you want exploring & even saving some amount). 
Overall nice place..",2 months ago
 Sanjay Rao ,"<span aria-label="" 4 stars "" class=""section-review-stars"" jsan=""7.section-review-stars,0.aria-label,0.role,t-1xcf3_7ROhA"" jstcache=""228"" role=""img""> <span class=""section-review-star section-review-star-active"" jsan=""7.section-review-star,7.section-review-star-active"" jsinstance=""0"" jstcache=""267""></span><span class=""section-review-star section-review-star-active"" jsan=""7.section-review-star,7.section-review-star-active"" jsinstance=""1"" jstcache=""267""></span><span class=""section-review-star section-review-star-active"" jsan=""7.section-review-star,7.section-review-star-active"" jsinstance=""2"" jstcache=""267""></span><span class=""section-review-star section-review-star-active"" jsan=""7.section-review-star,7.section-review-star-active"" jsinstance=""3"" jstcache=""267""></span><span class=""section-review-star"" jsan=""7.section-review-star"" jsinstance=""*4"" jstcache=""267""></span> </span>",https://www.google.com/maps/contrib/110730518289720254689?hl=en-IN,"Nicely maintained. Good, clean airport. People should go to the food  court. There are more options there and maybe better value for money. At Subway you get a roll for 180 or a burger at kfc for 180. Much better than 2 samosas for 150. Now there is less or no restrictions of carrying eatables. So if possible carry something from home or outside. Definitely healthier, better n cheaper",2 months ago
 Devanshi Mer ,"<span aria-label="" 3 stars "" class=""section-review-stars"" jsan=""7.section-review-stars,0.aria-label,0.role,t-1xcf3_7ROhA"" jstcache=""228"" role=""img""> <span class=""section-review-star section-review-star-active"" jsan=""7.section-review-star,7.section-review-star-active"" jsinstance=""0"" jstcache=""267""></span><span class=""section-review-star section-review-star-active"" jsan=""7.section-review-star,7.section-review-star-active"" jsinstance=""1"" jstcache=""267""></span><span class=""section-review-star section-review-star-active"" jsan=""7.section-review-star,7.section-review-star-active"" jsinstance=""2"" jstcache=""267""></span><span class=""section-review-star"" jsan=""7.section-review-star"" jsinstance=""3"" jstcache=""267""></span><span class=""section-review-star"" jsan=""7.section-review-star"" jsinstance=""*4"" jstcache=""267""></span> </span>",https://www.google.com/maps/contrib/105482829378540687965?hl=en-IN,"No Starbucks at domestic airport other coffee place sucks, the lounge is under consideration for a year now super inconvenient.

You have to wait for cab back home for over 45 min. The restaurants outside are not bad but really need better operations inside the airport.",2 months ago
 Anil Karkare ,"<span aria-label="" 5 stars "" class=""section-review-stars"" jsan=""7.section-review-stars,0.aria-label,0.role,t-1xcf3_7ROhA"" jstcache=""228"" role=""img""> <span class=""section-review-star section-review-star-active"" jsan=""7.section-review-star,7.section-review-star-active"" jsinstance=""0"" jstcache=""267""></span><span class=""section-review-star section-review-star-active"" jsan=""7.section-review-star,7.section-review-star-active"" jsinstance=""1"" jstcache=""267""></span><span class=""section-review-star section-review-star-active"" jsan=""7.section-review-star,7.section-review-star-active"" jsinstance=""2"" jstcache=""267""></span><span class=""section-review-star section-review-star-active"" jsan=""7.section-review-star,7.section-review-star-active"" jsinstance=""3"" jstcache=""267""></span><span class=""section-review-star section-review-star-active"" jsan=""7.section-review-star,7.section-review-star-active"" jsinstance=""*4"" jstcache=""267""></span> </span>",https://www.google.com/maps/contrib/103898159550499244540?hl=en-IN,"Top class infrastructure. Very convenient for air travellers. Excellent ground transportation services (Taxis, app based cabs, buses). Great food options in the concourse ( though these are significantly high priced outlets). Very visible signage. Quality of food in the lounges in the domestic terminal area has room for improvement.",4 months ago
 Chandan B S ,"<span aria-label="" 3 stars "" class=""section-review-stars"" jsan=""7.section-review-stars,0.aria-label,0.role,t-1xcf3_7ROhA"" jstcache=""228"" role=""img""> <span class=""section-review-star section-review-star-active"" jsan=""7.section-review-star,7.section-review-star-active"" jsinstance=""0"" jstcache=""267""></span><span class=""section-review-star section-review-star-active"" jsan=""7.section-review-star,7.section-review-star-active"" jsinstance=""1"" jstcache=""267""></span><span class=""section-review-star section-review-star-active"" jsan=""7.section-review-star,7.section-review-star-active"" jsinstance=""2"" jstcache=""267""></span><span class=""section-review-star"" jsan=""7.section-review-star"" jsinstance=""3"" jstcache=""267""></span><span class=""section-review-star"" jsan=""7.section-review-star"" jsinstance=""*4"" jstcache=""267""></span> </span>",https://www.google.com/maps/contrib/115614510691016843190?hl=en-IN,"Look at the hygiene and cleanliness in international side wash room. I'm quite sure this was there for more than few hours.
Why 3 stars. Lufthansa boarding is very good. They have 3 to 4 different queues based on seat numbers. Very efficient boarding.",2 months ago
 ARJUN V.R ,"<span aria-label="" 5 stars "" class=""section-review-stars"" jsan=""7.section-review-stars,0.aria-label,0.role,t-1xcf3_7ROhA"" jstcache=""228"" role=""img""> <span class=""section-review-star section-review-star-active"" jsan=""7.section-review-star,7.section-review-star-active"" jsinstance=""0"" jstcache=""267""></span><span class=""section-review-star section-review-star-active"" jsan=""7.section-review-star,7.section-review-star-active"" jsinstance=""1"" jstcache=""267""></span><span class=""section-review-star section-review-star-active"" jsan=""7.section-review-star,7.section-review-star-active"" jsinstance=""2"" jstcache=""267""></span><span class=""section-review-star section-review-star-active"" jsan=""7.section-review-star,7.section-review-star-active"" jsinstance=""3"" jstcache=""267""></span><span class=""section-review-star section-review-star-active"" jsan=""7.section-review-star,7.section-review-star-active"" jsinstance=""*4"" jstcache=""267""></span> </span>",https://www.google.com/maps/contrib/108511490705734760701?hl=en-IN,"One of the Best airports in India. Amenities are great, many global brands outlets are available inside, eateries will provide a wide variety of foods and beverages. You will find a lot of green inside, lounge area is also really beautiful.",2 months ago
 Vivek Ram ,"<span aria-label="" 5 stars "" class=""section-review-stars"" jsan=""7.section-review-stars,0.aria-label,0.role,t-1xcf3_7ROhA"" jstcache=""228"" role=""img""> <span class=""section-review-star section-review-star-active"" jsan=""7.section-review-star,7.section-review-star-active"" jsinstance=""0"" jstcache=""267""></span><span class=""section-review-star section-review-star-active"" jsan=""7.section-review-star,7.section-review-star-active"" jsinstance=""1"" jstcache=""267""></span><span class=""section-review-star section-review-star-active"" jsan=""7.section-review-star,7.section-review-star-active"" jsinstance=""2"" jstcache=""267""></span><span class=""section-review-star section-review-star-active"" jsan=""7.section-review-star,7.section-review-star-active"" jsinstance=""3"" jstcache=""267""></span><span class=""section-review-star section-review-star-active"" jsan=""7.section-review-star,7.section-review-star-active"" jsinstance=""*4"" jstcache=""267""></span> </span>",https://www.google.com/maps/contrib/102693374448729583706?hl=en-IN,Well maintained and managed. Connectivity to and fro to all parts of the city is easily available. Way better than Mumbai/Delhi and also some rather well known international airports. A well thought out design ensures a smooth experience. Always love flying to/from Kempegowda International Airport.,3 months ago
 santosh si ,"<span aria-label="" 5 stars "" class=""section-review-stars"" jsan=""7.section-review-stars,0.aria-label,0.role,t-1xcf3_7ROhA"" jstcache=""228"" role=""img""> <span class=""section-review-star section-review-star-active"" jsan=""7.section-review-star,7.section-review-star-active"" jsinstance=""0"" jstcache=""267""></span><span class=""section-review-star section-review-star-active"" jsan=""7.section-review-star,7.section-review-star-active"" jsinstance=""1"" jstcache=""267""></span><span class=""section-review-star section-review-star-active"" jsan=""7.section-review-star,7.section-review-star-active"" jsinstance=""2"" jstcache=""267""></span><span class=""section-review-star section-review-star-active"" jsan=""7.section-review-star,7.section-review-star-active"" jsinstance=""3"" jstcache=""267""></span><span class=""section-review-star section-review-star-active"" jsan=""7.section-review-star,7.section-review-star-active"" jsinstance=""*4"" jstcache=""267""></span> </span>",https://www.google.com/maps/contrib/109095364932915002969?hl=en-IN,The airport is quite big and it has both domestic as well as international port. It is quite clean and well maintained. The staff of the airport is quite helpful and it is well equipped with all facilities. This airport also has bus facilities outside of it. Which is quite feasible and good. Loved my visit to this airport.Well managed and maintained infrastructure.,4 months ago
 Ishita 2060 ,"<span aria-label="" 5 stars "" class=""section-review-stars"" jsan=""7.section-review-stars,0.aria-label,0.role,t-1xcf3_7ROhA"" jstcache=""228"" role=""img""> <span class=""section-review-star section-review-star-active"" jsan=""7.section-review-star,7.section-review-star-active"" jsinstance=""0"" jstcache=""267""></span><span class=""section-review-star section-review-star-active"" jsan=""7.section-review-star,7.section-review-star-active"" jsinstance=""1"" jstcache=""267""></span><span class=""section-review-star section-review-star-active"" jsan=""7.section-review-star,7.section-review-star-active"" jsinstance=""2"" jstcache=""267""></span><span class=""section-review-star section-review-star-active"" jsan=""7.section-review-star,7.section-review-star-active"" jsinstance=""3"" jstcache=""267""></span><span class=""section-review-star section-review-star-active"" jsan=""7.section-review-star,7.section-review-star-active"" jsinstance=""*4"" jstcache=""267""></span> </span>",https://www.google.com/maps/contrib/103357134241719232389?hl=en-IN,This is the best airport I have seen so far. The place is so beautiful and there is so much to see that you would never get bored here waiting for your flight! I could be here for the whole day! The security checks and everything is done very quickly because of the multiple counters available here. The BMTC bus service to the city outside the airport is also great! The staff is very helpful and you have those big sofas to lie on if you are tired and a whole bunch of good food options to munch on when hungry!,2 months ago
 Srinivasa Narasimaiah ,"<span aria-label="" 5 stars "" class=""section-review-stars"" jsan=""7.section-review-stars,0.aria-label,0.role,t-1xcf3_7ROhA"" jstcache=""228"" role=""img""> <span class=""section-review-star section-review-star-active"" jsan=""7.section-review-star,7.section-review-star-active"" jsinstance=""0"" jstcache=""267""></span><span class=""section-review-star section-review-star-active"" jsan=""7.section-review-star,7.section-review-star-active"" jsinstance=""1"" jstcache=""267""></span><span class=""section-review-star section-review-star-active"" jsan=""7.section-review-star,7.section-review-star-active"" jsinstance=""2"" jstcache=""267""></span><span class=""section-review-star section-review-star-active"" jsan=""7.section-review-star,7.section-review-star-active"" jsinstance=""3"" jstcache=""267""></span><span class=""section-review-star section-review-star-active"" jsan=""7.section-review-star,7.section-review-star-active"" jsinstance=""*4"" jstcache=""267""></span> </span>",https://www.google.com/maps/contrib/103568263874057867953?hl=en-IN,"Good, Neatly maintained, everything systematic and airport crews available for all Enquiries. Waiting lounge, eateries all are good. Washrooms are clean and hygiene. Enough signage boards for easy identification. Excellent Security Systems.",a month ago
 Sailendra Kumar Sethi ,"<span aria-label="" 5 stars "" class=""section-review-stars"" jsan=""7.section-review-stars,0.aria-label,0.role,t-1xcf3_7ROhA"" jstcache=""228"" role=""img""> <span class=""section-review-star section-review-star-active"" jsan=""7.section-review-star,7.section-review-star-active"" jsinstance=""0"" jstcache=""267""></span><span class=""section-review-star section-review-star-active"" jsan=""7.section-review-star,7.section-review-star-active"" jsinstance=""1"" jstcache=""267""></span><span class=""section-review-star section-review-star-active"" jsan=""7.section-review-star,7.section-review-star-active"" jsinstance=""2"" jstcache=""267""></span><span class=""section-review-star section-review-star-active"" jsan=""7.section-review-star,7.section-review-star-active"" jsinstance=""3"" jstcache=""267""></span><span class=""section-review-star section-review-star-active"" jsan=""7.section-review-star,7.section-review-star-active"" jsinstance=""*4"" jstcache=""267""></span> </span>",https://www.google.com/maps/contrib/107929032568442600566?hl=en-IN,"One of my Favorite Airport in India. The Staffs of cleaning must be saluted. The restrooms & in n around the Airport very well managed and maintained. Transportation facilities are awesome. Foods n beverages in n out of Airport are well served. Shops are also good. The other Staffs are at the airport very helpful. Gates are well marked and easy to locate. My five Stars for rating is less for Kempegowda International Airport. It deserves more ⭐.

A small suggestion plz get an kids play area.

Have fun n enjoy 👍✌🤘🙏.",3 months ago
 Shyaamaasutaa nandana ,"<span aria-label="" 5 stars "" class=""section-review-stars"" jsan=""7.section-review-stars,0.aria-label,0.role,t-1xcf3_7ROhA"" jstcache=""228"" role=""img""> <span class=""section-review-star section-review-star-active"" jsan=""7.section-review-star,7.section-review-star-active"" jsinstance=""0"" jstcache=""267""></span><span class=""section-review-star section-review-star-active"" jsan=""7.section-review-star,7.section-review-star-active"" jsinstance=""1"" jstcache=""267""></span><span class=""section-review-star section-review-star-active"" jsan=""7.section-review-star,7.section-review-star-active"" jsinstance=""2"" jstcache=""267""></span><span class=""section-review-star section-review-star-active"" jsan=""7.section-review-star,7.section-review-star-active"" jsinstance=""3"" jstcache=""267""></span><span class=""section-review-star section-review-star-active"" jsan=""7.section-review-star,7.section-review-star-active"" jsinstance=""*4"" jstcache=""267""></span> </span>",https://www.google.com/maps/contrib/106926194066780758174?hl=en-IN,"It's very organized airport, does make passengers feel comfortable and at ease without needing to ask people to guide them unlike a few of other metro city airports. Navigation through to different gates for boarding is easy. And most importantly around most of the gates except a few provides sufficient number of chairs in the weighting area. Different cuisines of country are available at different places across the airport.",2 months ago
 Guwahati vlogger Moon ,"<span aria-label="" 4 stars "" class=""section-review-stars"" jsan=""7.section-review-stars,0.aria-label,0.role,t-1xcf3_7ROhA"" jstcache=""228"" role=""img""> <span class=""section-review-star section-review-star-active"" jsan=""7.section-review-star,7.section-review-star-active"" jsinstance=""0"" jstcache=""267""></span><span class=""section-review-star section-review-star-active"" jsan=""7.section-review-star,7.section-review-star-active"" jsinstance=""1"" jstcache=""267""></span><span class=""section-review-star section-review-star-active"" jsan=""7.section-review-star,7.section-review-star-active"" jsinstance=""2"" jstcache=""267""></span><span class=""section-review-star section-review-star-active"" jsan=""7.section-review-star,7.section-review-star-active"" jsinstance=""3"" jstcache=""267""></span><span class=""section-review-star"" jsan=""7.section-review-star"" jsinstance=""*4"" jstcache=""267""></span> </span>",https://www.google.com/maps/contrib/113712720111194181583?hl=en-IN,"Lovely airport. It looks more like a film shooting area and less of an airport. The way the airport is decorated is fabulous. The hedges, the flowers and the way it is maintained makes it one of the best airports in India. Simply one word-mesmerising.",2 months ago
 Dinesh Kumar ,"<span aria-label="" 4 stars "" class=""section-review-stars"" jsan=""7.section-review-stars,0.aria-label,0.role,t-1xcf3_7ROhA"" jstcache=""228"" role=""img""> <span class=""section-review-star section-review-star-active"" jsan=""7.section-review-star,7.section-review-star-active"" jsinstance=""0"" jstcache=""267""></span><span class=""section-review-star section-review-star-active"" jsan=""7.section-review-star,7.section-review-star-active"" jsinstance=""1"" jstcache=""267""></span><span class=""section-review-star section-review-star-active"" jsan=""7.section-review-star,7.section-review-star-active"" jsinstance=""2"" jstcache=""267""></span><span class=""section-review-star section-review-star-active"" jsan=""7.section-review-star,7.section-review-star-active"" jsinstance=""3"" jstcache=""267""></span><span class=""section-review-star"" jsan=""7.section-review-star"" jsinstance=""*4"" jstcache=""267""></span> </span>",https://www.google.com/maps/contrib/110418528079725613938?hl=en-IN,Good airport. Not crowded like Delhi. Plan to have dinning before coming to airport. Food charges highly over priced. One samosa will cost 250 and even item like Pav Bhaji 324 which u may get at 50 rs out with much better taste. Leave the food part rest good airport,3 months ago
 Sky Kim ,"<span aria-label="" 4 stars "" class=""section-review-stars"" jsan=""7.section-review-stars,0.aria-label,0.role,t-1xcf3_7ROhA"" jstcache=""228"" role=""img""> <span class=""section-review-star section-review-star-active"" jsan=""7.section-review-star,7.section-review-star-active"" jsinstance=""0"" jstcache=""267""></span><span class=""section-review-star section-review-star-active"" jsan=""7.section-review-star,7.section-review-star-active"" jsinstance=""1"" jstcache=""267""></span><span class=""section-review-star section-review-star-active"" jsan=""7.section-review-star,7.section-review-star-active"" jsinstance=""2"" jstcache=""267""></span><span class=""section-review-star section-review-star-active"" jsan=""7.section-review-star,7.section-review-star-active"" jsinstance=""3"" jstcache=""267""></span><span class=""section-review-star"" jsan=""7.section-review-star"" jsinstance=""*4"" jstcache=""267""></span> </span>",https://www.google.com/maps/contrib/112737298836012947653?hl=en-IN,Safe for lone travellers who have to wait outside for hours. Clean public restrooms. But checking out can take a lot of time. Food is over priced as well. But overall my experience travelling here alone was good and I felt safe.,2 months ago
 Raghu Veer ,"<span aria-label="" 5 stars "" class=""section-review-stars"" jsan=""7.section-review-stars,0.aria-label,0.role,t-1xcf3_7ROhA"" jstcache=""228"" role=""img""> <span class=""section-review-star section-review-star-active"" jsan=""7.section-review-star,7.section-review-star-active"" jsinstance=""0"" jstcache=""267""></span><span class=""section-review-star section-review-star-active"" jsan=""7.section-review-star,7.section-review-star-active"" jsinstance=""1"" jstcache=""267""></span><span class=""section-review-star section-review-star-active"" jsan=""7.section-review-star,7.section-review-star-active"" jsinstance=""2"" jstcache=""267""></span><span class=""section-review-star section-review-star-active"" jsan=""7.section-review-star,7.section-review-star-active"" jsinstance=""3"" jstcache=""267""></span><span class=""section-review-star section-review-star-active"" jsan=""7.section-review-star,7.section-review-star-active"" jsinstance=""*4"" jstcache=""267""></span> </span>",https://www.google.com/maps/contrib/101903104027067693823?hl=en-IN,"The best airport in India and Asia
Such brilliant staff, ease of access to the airport, f & b options, shopping, cleanliness etc etc. 
The exit from the airport is a smooth sail, without going in circles to find something to eat or catch a cab. 
Did I mention about the quad area which is open 24hours and has some great restaurants serving yummy food.",2 months ago
 ankit bhople ,"<span aria-label="" 5 stars "" class=""section-review-stars"" jsan=""7.section-review-stars,0.aria-label,0.role,t-1xcf3_7ROhA"" jstcache=""228"" role=""img""> <span class=""section-review-star section-review-star-active"" jsan=""7.section-review-star,7.section-review-star-active"" jsinstance=""0"" jstcache=""267""></span><span class=""section-review-star section-review-star-active"" jsan=""7.section-review-star,7.section-review-star-active"" jsinstance=""1"" jstcache=""267""></span><span class=""section-review-star section-review-star-active"" jsan=""7.section-review-star,7.section-review-star-active"" jsinstance=""2"" jstcache=""267""></span><span class=""section-review-star section-review-star-active"" jsan=""7.section-review-star,7.section-review-star-active"" jsinstance=""3"" jstcache=""267""></span><span class=""section-review-star section-review-star-active"" jsan=""7.section-review-star,7.section-review-star-active"" jsinstance=""*4"" jstcache=""267""></span> </span>",https://www.google.com/maps/contrib/116962683285018357790?hl=en-IN,"The most organized and well maintained airport in India.
The way the staff maintain the crowd in the rush hours is appreciable and the technologies and comfort level is at par.

And it's a really nice long drive from Bangalore though 😅",2 months ago
 Rajkumar ,"<span aria-label="" 5 stars "" class=""section-review-stars"" jsan=""7.section-review-stars,0.aria-label,0.role,t-1xcf3_7ROhA"" jstcache=""228"" role=""img""> <span class=""section-review-star section-review-star-active"" jsan=""7.section-review-star,7.section-review-star-active"" jsinstance=""0"" jstcache=""267""></span><span class=""section-review-star section-review-star-active"" jsan=""7.section-review-star,7.section-review-star-active"" jsinstance=""1"" jstcache=""267""></span><span class=""section-review-star section-review-star-active"" jsan=""7.section-review-star,7.section-review-star-active"" jsinstance=""2"" jstcache=""267""></span><span class=""section-review-star section-review-star-active"" jsan=""7.section-review-star,7.section-review-star-active"" jsinstance=""3"" jstcache=""267""></span><span class=""section-review-star section-review-star-active"" jsan=""7.section-review-star,7.section-review-star-active"" jsinstance=""*4"" jstcache=""267""></span> </span>",https://www.google.com/maps/contrib/100285142750588221004?hl=en-IN,"Wonderful Airport in Karnataka as well India. Well maintained floors and larger parking area. One negative is it is located in out of city.
Buses are also available from Bangalore city.",2 months ago
 Natinho Lima ,"<span aria-label="" 5 stars "" class=""section-review-stars"" jsan=""7.section-review-stars,0.aria-label,0.role,t-1xcf3_7ROhA"" jstcache=""228"" role=""img""> <span class=""section-review-star section-review-star-active"" jsan=""7.section-review-star,7.section-review-star-active"" jsinstance=""0"" jstcache=""267""></span><span class=""section-review-star section-review-star-active"" jsan=""7.section-review-star,7.section-review-star-active"" jsinstance=""1"" jstcache=""267""></span><span class=""section-review-star section-review-star-active"" jsan=""7.section-review-star,7.section-review-star-active"" jsinstance=""2"" jstcache=""267""></span><span class=""section-review-star section-review-star-active"" jsan=""7.section-review-star,7.section-review-star-active"" jsinstance=""3"" jstcache=""267""></span><span class=""section-review-star section-review-star-active"" jsan=""7.section-review-star,7.section-review-star-active"" jsinstance=""*4"" jstcache=""267""></span> </span>",https://www.google.com/maps/contrib/104221642875467385436?hl=en-IN,"Modern airport but you don't feel lost here. They blended old architecture to modern steel roof, added plazas and food shops inside and outside. It is very pleasant and pleasing to the eye. Tropical plants inside add a charm. Plenty staff around to help you make your way thru the airport. The Visa section give digital and makes your journey quicker now. Extensive Duty Free shops. Outside is not as chaotic as other airports and licenced taxis on request.",2 months ago
 MANU Shimoga ,"<span aria-label="" 5 stars "" class=""section-review-stars"" jsan=""7.section-review-stars,0.aria-label,0.role,t-1xcf3_7ROhA"" jstcache=""228"" role=""img""> <span class=""section-review-star section-review-star-active"" jsan=""7.section-review-star,7.section-review-star-active"" jsinstance=""0"" jstcache=""267""></span><span class=""section-review-star section-review-star-active"" jsan=""7.section-review-star,7.section-review-star-active"" jsinstance=""1"" jstcache=""267""></span><span class=""section-review-star section-review-star-active"" jsan=""7.section-review-star,7.section-review-star-active"" jsinstance=""2"" jstcache=""267""></span><span class=""section-review-star section-review-star-active"" jsan=""7.section-review-star,7.section-review-star-active"" jsinstance=""3"" jstcache=""267""></span><span class=""section-review-star section-review-star-active"" jsan=""7.section-review-star,7.section-review-star-active"" jsinstance=""*4"" jstcache=""267""></span> </span>",https://www.google.com/maps/contrib/104916692829751755294?hl=en-IN,"The KIAL airport in Bengaluru is quite big & clean, well maintained. the premium lounge is too good compared to other domestic airports. The staff of the airport are really helpful & it accommodates both domestic & international port with well equipped facilities.",3 months ago
