Reviewer Name,Reviewer Rating,Reviewer Profile URL,Review,Time
 Meghasri K ,"<span aria-label="" 5 stars "" class=""section-review-stars"" jsan=""7.section-review-stars,0.aria-label,0.role,t-1xcf3_7ROhA"" jstcache=""228"" role=""img""> <img alt="""" class=""section-review-star section-review-star-active"" jsan=""7.section-review-star,7.section-review-star-active,8.src,0.alt"" jsinstance=""0"" jstcache=""267"" src=""//maps.gstatic.com/consumer/images/icons/2x/ic_star_rate_14.png""/><img alt="""" class=""section-review-star section-review-star-active"" jsan=""7.section-review-star,7.section-review-star-active,8.src,0.alt"" jsinstance=""1"" jstcache=""267"" src=""//maps.gstatic.com/consumer/images/icons/2x/ic_star_rate_14.png""/><img alt="""" class=""section-review-star section-review-star-active"" jsan=""7.section-review-star,7.section-review-star-active,8.src,0.alt"" jsinstance=""2"" jstcache=""267"" src=""//maps.gstatic.com/consumer/images/icons/2x/ic_star_rate_14.png""/><img alt="""" class=""section-review-star section-review-star-active"" jsan=""7.section-review-star,7.section-review-star-active,8.src,0.alt"" jsinstance=""3"" jstcache=""267"" src=""//maps.gstatic.com/consumer/images/icons/2x/ic_star_rate_14.png""/><img alt="""" class=""section-review-star section-review-star-active"" jsan=""7.section-review-star,7.section-review-star-active,8.src,0.alt"" jsinstance=""*4"" jstcache=""267"" src=""//maps.gstatic.com/consumer/images/icons/2x/ic_star_rate_14.png""/> </span>",https://www.google.com/maps/contrib/110051575653204786963?hl=en-IN,"I loved it especially during covid. They did an amazing job in protecting people from spreading the virus. It's not so easy to do such arrangements within span of time. 

I was absolutely safe during my journey and until I reach my destination. But every individual has responsibilities to keep themselves safe. So I did my best and they did their best. 

Anyone wants to travel now? Bangalore airport is the best option. 

Just leave to your places",3 weeks ago
 Manu Kumar Prem Swamy ,"<span aria-label="" 5 stars "" class=""section-review-stars"" jsan=""7.section-review-stars,0.aria-label,0.role,t-1xcf3_7ROhA"" jstcache=""228"" role=""img""> <img alt="""" class=""section-review-star section-review-star-active"" jsan=""7.section-review-star,7.section-review-star-active,8.src,0.alt"" jsinstance=""0"" jstcache=""267"" src=""//maps.gstatic.com/consumer/images/icons/2x/ic_star_rate_14.png""/><img alt="""" class=""section-review-star section-review-star-active"" jsan=""7.section-review-star,7.section-review-star-active,8.src,0.alt"" jsinstance=""1"" jstcache=""267"" src=""//maps.gstatic.com/consumer/images/icons/2x/ic_star_rate_14.png""/><img alt="""" class=""section-review-star section-review-star-active"" jsan=""7.section-review-star,7.section-review-star-active,8.src,0.alt"" jsinstance=""2"" jstcache=""267"" src=""//maps.gstatic.com/consumer/images/icons/2x/ic_star_rate_14.png""/><img alt="""" class=""section-review-star section-review-star-active"" jsan=""7.section-review-star,7.section-review-star-active,8.src,0.alt"" jsinstance=""3"" jstcache=""267"" src=""//maps.gstatic.com/consumer/images/icons/2x/ic_star_rate_14.png""/><img alt="""" class=""section-review-star section-review-star-active"" jsan=""7.section-review-star,7.section-review-star-active,8.src,0.alt"" jsinstance=""*4"" jstcache=""267"" src=""//maps.gstatic.com/consumer/images/icons/2x/ic_star_rate_14.png""/> </span>",https://www.google.com/maps/contrib/108432204588202287683?hl=en-IN,Good I liked it but I came this time in Covid 19 The airport ✈ is full empty empty Last time when I visited it was full,2 days ago
 Biswanath Sahu ,"<span aria-label="" 5 stars "" class=""section-review-stars"" jsan=""7.section-review-stars,0.aria-label,0.role,t-1xcf3_7ROhA"" jstcache=""228"" role=""img""> <img alt="""" class=""section-review-star section-review-star-active"" jsan=""7.section-review-star,7.section-review-star-active,8.src,0.alt"" jsinstance=""0"" jstcache=""267"" src=""//maps.gstatic.com/consumer/images/icons/2x/ic_star_rate_14.png""/><img alt="""" class=""section-review-star section-review-star-active"" jsan=""7.section-review-star,7.section-review-star-active,8.src,0.alt"" jsinstance=""1"" jstcache=""267"" src=""//maps.gstatic.com/consumer/images/icons/2x/ic_star_rate_14.png""/><img alt="""" class=""section-review-star section-review-star-active"" jsan=""7.section-review-star,7.section-review-star-active,8.src,0.alt"" jsinstance=""2"" jstcache=""267"" src=""//maps.gstatic.com/consumer/images/icons/2x/ic_star_rate_14.png""/><img alt="""" class=""section-review-star section-review-star-active"" jsan=""7.section-review-star,7.section-review-star-active,8.src,0.alt"" jsinstance=""3"" jstcache=""267"" src=""//maps.gstatic.com/consumer/images/icons/2x/ic_star_rate_14.png""/><img alt="""" class=""section-review-star section-review-star-active"" jsan=""7.section-review-star,7.section-review-star-active,8.src,0.alt"" jsinstance=""*4"" jstcache=""267"" src=""//maps.gstatic.com/consumer/images/icons/2x/ic_star_rate_14.png""/> </span>",https://www.google.com/maps/contrib/113623385665016028968?hl=en-IN,As it is a international airport it's very huge in size and very beautiful decorated and designed. All the thinking are well maintained and they have a lot of food stalls different brand stores from which you can shop.,2 days ago
 Rohan Gawali ,"<span aria-label="" 5 stars "" class=""section-review-stars"" jsan=""7.section-review-stars,0.aria-label,0.role,t-1xcf3_7ROhA"" jstcache=""228"" role=""img""> <img alt="""" class=""section-review-star section-review-star-active"" jsan=""7.section-review-star,7.section-review-star-active,8.src,0.alt"" jsinstance=""0"" jstcache=""267"" src=""//maps.gstatic.com/consumer/images/icons/2x/ic_star_rate_14.png""/><img alt="""" class=""section-review-star section-review-star-active"" jsan=""7.section-review-star,7.section-review-star-active,8.src,0.alt"" jsinstance=""1"" jstcache=""267"" src=""//maps.gstatic.com/consumer/images/icons/2x/ic_star_rate_14.png""/><img alt="""" class=""section-review-star section-review-star-active"" jsan=""7.section-review-star,7.section-review-star-active,8.src,0.alt"" jsinstance=""2"" jstcache=""267"" src=""//maps.gstatic.com/consumer/images/icons/2x/ic_star_rate_14.png""/><img alt="""" class=""section-review-star section-review-star-active"" jsan=""7.section-review-star,7.section-review-star-active,8.src,0.alt"" jsinstance=""3"" jstcache=""267"" src=""//maps.gstatic.com/consumer/images/icons/2x/ic_star_rate_14.png""/><img alt="""" class=""section-review-star section-review-star-active"" jsan=""7.section-review-star,7.section-review-star-active,8.src,0.alt"" jsinstance=""*4"" jstcache=""267"" src=""//maps.gstatic.com/consumer/images/icons/2x/ic_star_rate_14.png""/> </span>",https://www.google.com/maps/contrib/109548102374173254967?hl=en-IN,"Very bigg airport. It's neat, it's clean and one of the best international airports in India. The staff is polite and helpful. They offer remote assistance through video calls at kiosks which are conveniently located at regular information (Maybe because of Covid pandemic). The lounge is good too. Many options for shopping for gentlemen, ladies and kids.",a week ago
 Suneetha Ratheesh ,"<span aria-label="" 5 stars "" class=""section-review-stars"" jsan=""7.section-review-stars,0.aria-label,0.role,t-1xcf3_7ROhA"" jstcache=""228"" role=""img""> <img alt="""" class=""section-review-star section-review-star-active"" jsan=""7.section-review-star,7.section-review-star-active,8.src,0.alt"" jsinstance=""0"" jstcache=""267"" src=""//maps.gstatic.com/consumer/images/icons/2x/ic_star_rate_14.png""/><img alt="""" class=""section-review-star section-review-star-active"" jsan=""7.section-review-star,7.section-review-star-active,8.src,0.alt"" jsinstance=""1"" jstcache=""267"" src=""//maps.gstatic.com/consumer/images/icons/2x/ic_star_rate_14.png""/><img alt="""" class=""section-review-star section-review-star-active"" jsan=""7.section-review-star,7.section-review-star-active,8.src,0.alt"" jsinstance=""2"" jstcache=""267"" src=""//maps.gstatic.com/consumer/images/icons/2x/ic_star_rate_14.png""/><img alt="""" class=""section-review-star section-review-star-active"" jsan=""7.section-review-star,7.section-review-star-active,8.src,0.alt"" jsinstance=""3"" jstcache=""267"" src=""//maps.gstatic.com/consumer/images/icons/2x/ic_star_rate_14.png""/><img alt="""" class=""section-review-star section-review-star-active"" jsan=""7.section-review-star,7.section-review-star-active,8.src,0.alt"" jsinstance=""*4"" jstcache=""267"" src=""//maps.gstatic.com/consumer/images/icons/2x/ic_star_rate_14.png""/> </span>",https://www.google.com/maps/contrib/103046018673948268772?hl=en-IN,"Has changed alot,everyone has to wear a mask.......social distancing is there and everything..it is much safer now.",3 days ago
 #Ayush International# ,"<span aria-label="" 5 stars "" class=""section-review-stars"" jsan=""7.section-review-stars,0.aria-label,0.role,t-1xcf3_7ROhA"" jstcache=""228"" role=""img""> <img alt="""" class=""section-review-star section-review-star-active"" jsan=""7.section-review-star,7.section-review-star-active,8.src,0.alt"" jsinstance=""0"" jstcache=""267"" src=""//maps.gstatic.com/consumer/images/icons/2x/ic_star_rate_14.png""/><img alt="""" class=""section-review-star section-review-star-active"" jsan=""7.section-review-star,7.section-review-star-active,8.src,0.alt"" jsinstance=""1"" jstcache=""267"" src=""//maps.gstatic.com/consumer/images/icons/2x/ic_star_rate_14.png""/><img alt="""" class=""section-review-star section-review-star-active"" jsan=""7.section-review-star,7.section-review-star-active,8.src,0.alt"" jsinstance=""2"" jstcache=""267"" src=""//maps.gstatic.com/consumer/images/icons/2x/ic_star_rate_14.png""/><img alt="""" class=""section-review-star section-review-star-active"" jsan=""7.section-review-star,7.section-review-star-active,8.src,0.alt"" jsinstance=""3"" jstcache=""267"" src=""//maps.gstatic.com/consumer/images/icons/2x/ic_star_rate_14.png""/><img alt="""" class=""section-review-star section-review-star-active"" jsan=""7.section-review-star,7.section-review-star-active,8.src,0.alt"" jsinstance=""*4"" jstcache=""267"" src=""//maps.gstatic.com/consumer/images/icons/2x/ic_star_rate_14.png""/> </span>",https://www.google.com/maps/contrib/100426704876168223546?hl=en-IN,"As it's a international airport, everything has maintained carefully as per international standards, very beautiful and well sanitized maintained by airport authorities during Covid-19. Location is very good out of City area, peripheral area well maintained with vertical gardening flowers. As usual it's very good place 👌👍. Natural solar energy has been used for area lighting, good restaurants, shopping show room are available in waiting areas.",a week ago
 Math Optional Classes ,"<span aria-label="" 5 stars "" class=""section-review-stars"" jsan=""7.section-review-stars,0.aria-label,0.role,t-1xcf3_7ROhA"" jstcache=""228"" role=""img""> <img alt="""" class=""section-review-star section-review-star-active"" jsan=""7.section-review-star,7.section-review-star-active,8.src,0.alt"" jsinstance=""0"" jstcache=""267"" src=""//maps.gstatic.com/consumer/images/icons/2x/ic_star_rate_14.png""/><img alt="""" class=""section-review-star section-review-star-active"" jsan=""7.section-review-star,7.section-review-star-active,8.src,0.alt"" jsinstance=""1"" jstcache=""267"" src=""//maps.gstatic.com/consumer/images/icons/2x/ic_star_rate_14.png""/><img alt="""" class=""section-review-star section-review-star-active"" jsan=""7.section-review-star,7.section-review-star-active,8.src,0.alt"" jsinstance=""2"" jstcache=""267"" src=""//maps.gstatic.com/consumer/images/icons/2x/ic_star_rate_14.png""/><img alt="""" class=""section-review-star section-review-star-active"" jsan=""7.section-review-star,7.section-review-star-active,8.src,0.alt"" jsinstance=""3"" jstcache=""267"" src=""//maps.gstatic.com/consumer/images/icons/2x/ic_star_rate_14.png""/><img alt="""" class=""section-review-star section-review-star-active"" jsan=""7.section-review-star,7.section-review-star-active,8.src,0.alt"" jsinstance=""*4"" jstcache=""267"" src=""//maps.gstatic.com/consumer/images/icons/2x/ic_star_rate_14.png""/> </span>",https://www.google.com/maps/contrib/103790078657358482290?hl=en-IN,"@Blr lounges, Fantastic foods and professional staffs. Great and safe service in this pandemic situation . Thanks to every staffs.",3 days ago
 Mugdha Singh ,"<span aria-label="" 5 stars "" class=""section-review-stars"" jsan=""7.section-review-stars,0.aria-label,0.role,t-1xcf3_7ROhA"" jstcache=""228"" role=""img""> <img alt="""" class=""section-review-star section-review-star-active"" jsan=""7.section-review-star,7.section-review-star-active,8.src,0.alt"" jsinstance=""0"" jstcache=""267"" src=""//maps.gstatic.com/consumer/images/icons/2x/ic_star_rate_14.png""/><img alt="""" class=""section-review-star section-review-star-active"" jsan=""7.section-review-star,7.section-review-star-active,8.src,0.alt"" jsinstance=""1"" jstcache=""267"" src=""//maps.gstatic.com/consumer/images/icons/2x/ic_star_rate_14.png""/><img alt="""" class=""section-review-star section-review-star-active"" jsan=""7.section-review-star,7.section-review-star-active,8.src,0.alt"" jsinstance=""2"" jstcache=""267"" src=""//maps.gstatic.com/consumer/images/icons/2x/ic_star_rate_14.png""/><img alt="""" class=""section-review-star section-review-star-active"" jsan=""7.section-review-star,7.section-review-star-active,8.src,0.alt"" jsinstance=""3"" jstcache=""267"" src=""//maps.gstatic.com/consumer/images/icons/2x/ic_star_rate_14.png""/><img alt="""" class=""section-review-star section-review-star-active"" jsan=""7.section-review-star,7.section-review-star-active,8.src,0.alt"" jsinstance=""*4"" jstcache=""267"" src=""//maps.gstatic.com/consumer/images/icons/2x/ic_star_rate_14.png""/> </span>",https://www.google.com/maps/contrib/103169367518269801303?hl=en-IN,"Very near and clean. Systematic screening because of pandemic situation. Helpful staff, overall experience was very good. 

The place is huge so it took some time.for me to search the correct counters but that's the only negative thing I can say about airport. 

Rest was amazing.",2 weeks ago
 Sundar J ,"<span aria-label="" 5 stars "" class=""section-review-stars"" jsan=""7.section-review-stars,0.aria-label,0.role,t-1xcf3_7ROhA"" jstcache=""228"" role=""img""> <img alt="""" class=""section-review-star section-review-star-active"" jsan=""7.section-review-star,7.section-review-star-active,8.src,0.alt"" jsinstance=""0"" jstcache=""267"" src=""//maps.gstatic.com/consumer/images/icons/2x/ic_star_rate_14.png""/><img alt="""" class=""section-review-star section-review-star-active"" jsan=""7.section-review-star,7.section-review-star-active,8.src,0.alt"" jsinstance=""1"" jstcache=""267"" src=""//maps.gstatic.com/consumer/images/icons/2x/ic_star_rate_14.png""/><img alt="""" class=""section-review-star section-review-star-active"" jsan=""7.section-review-star,7.section-review-star-active,8.src,0.alt"" jsinstance=""2"" jstcache=""267"" src=""//maps.gstatic.com/consumer/images/icons/2x/ic_star_rate_14.png""/><img alt="""" class=""section-review-star section-review-star-active"" jsan=""7.section-review-star,7.section-review-star-active,8.src,0.alt"" jsinstance=""3"" jstcache=""267"" src=""//maps.gstatic.com/consumer/images/icons/2x/ic_star_rate_14.png""/><img alt="""" class=""section-review-star section-review-star-active"" jsan=""7.section-review-star,7.section-review-star-active,8.src,0.alt"" jsinstance=""*4"" jstcache=""267"" src=""//maps.gstatic.com/consumer/images/icons/2x/ic_star_rate_14.png""/> </span>",https://www.google.com/maps/contrib/110957531077829277863?hl=en-IN,Things are well organized to handle the covid situation especially when there's a mad rush of international passengers. Kudos to the team,a week ago
 Rahul Villian ,"<span aria-label="" 4 stars "" class=""section-review-stars"" jsan=""7.section-review-stars,0.aria-label,0.role,t-1xcf3_7ROhA"" jstcache=""228"" role=""img""> <img alt="""" class=""section-review-star section-review-star-active"" jsan=""7.section-review-star,7.section-review-star-active,8.src,0.alt"" jsinstance=""0"" jstcache=""267"" src=""//maps.gstatic.com/consumer/images/icons/2x/ic_star_rate_14.png""/><img alt="""" class=""section-review-star section-review-star-active"" jsan=""7.section-review-star,7.section-review-star-active,8.src,0.alt"" jsinstance=""1"" jstcache=""267"" src=""//maps.gstatic.com/consumer/images/icons/2x/ic_star_rate_14.png""/><img alt="""" class=""section-review-star section-review-star-active"" jsan=""7.section-review-star,7.section-review-star-active,8.src,0.alt"" jsinstance=""2"" jstcache=""267"" src=""//maps.gstatic.com/consumer/images/icons/2x/ic_star_rate_14.png""/><img alt="""" class=""section-review-star section-review-star-active"" jsan=""7.section-review-star,7.section-review-star-active,8.src,0.alt"" jsinstance=""3"" jstcache=""267"" src=""//maps.gstatic.com/consumer/images/icons/2x/ic_star_rate_14.png""/><img alt="""" class=""section-review-star"" jsan=""7.section-review-star,8.src,0.alt"" jsinstance=""*4"" jstcache=""267"" src=""//maps.gstatic.com/consumer/images/icons/2x/ic_star_rate_empty_14.png""/> </span>",https://www.google.com/maps/contrib/110861221341666480030?hl=en-IN,"My first flight sonce Covid and must say the management has done well to avoid as much contact as possible.

The roads towards the airport has also been improved.",5 days ago
 Nasrul Hoda ,"<span aria-label="" 5 stars "" class=""section-review-stars"" jsan=""7.section-review-stars,0.aria-label,0.role,t-1xcf3_7ROhA"" jstcache=""228"" role=""img""> <img alt="""" class=""section-review-star section-review-star-active"" jsan=""7.section-review-star,7.section-review-star-active,8.src,0.alt"" jsinstance=""0"" jstcache=""267"" src=""//maps.gstatic.com/consumer/images/icons/2x/ic_star_rate_14.png""/><img alt="""" class=""section-review-star section-review-star-active"" jsan=""7.section-review-star,7.section-review-star-active,8.src,0.alt"" jsinstance=""1"" jstcache=""267"" src=""//maps.gstatic.com/consumer/images/icons/2x/ic_star_rate_14.png""/><img alt="""" class=""section-review-star section-review-star-active"" jsan=""7.section-review-star,7.section-review-star-active,8.src,0.alt"" jsinstance=""2"" jstcache=""267"" src=""//maps.gstatic.com/consumer/images/icons/2x/ic_star_rate_14.png""/><img alt="""" class=""section-review-star section-review-star-active"" jsan=""7.section-review-star,7.section-review-star-active,8.src,0.alt"" jsinstance=""3"" jstcache=""267"" src=""//maps.gstatic.com/consumer/images/icons/2x/ic_star_rate_14.png""/><img alt="""" class=""section-review-star section-review-star-active"" jsan=""7.section-review-star,7.section-review-star-active,8.src,0.alt"" jsinstance=""*4"" jstcache=""267"" src=""//maps.gstatic.com/consumer/images/icons/2x/ic_star_rate_14.png""/> </span>",https://www.google.com/maps/contrib/104228161734202345630?hl=en-IN,"As always one of the best, but this pandemic everything has changed a hustling bustlingairport has come to almost complete haul... May Almighty bring old days back to us..",4 days ago
 Sagar Pednekar ,"<span aria-label="" 4 stars "" class=""section-review-stars"" jsan=""7.section-review-stars,0.aria-label,0.role,t-1xcf3_7ROhA"" jstcache=""228"" role=""img""> <img alt="""" class=""section-review-star section-review-star-active"" jsan=""7.section-review-star,7.section-review-star-active,8.src,0.alt"" jsinstance=""0"" jstcache=""267"" src=""//maps.gstatic.com/consumer/images/icons/2x/ic_star_rate_14.png""/><img alt="""" class=""section-review-star section-review-star-active"" jsan=""7.section-review-star,7.section-review-star-active,8.src,0.alt"" jsinstance=""1"" jstcache=""267"" src=""//maps.gstatic.com/consumer/images/icons/2x/ic_star_rate_14.png""/><img alt="""" class=""section-review-star section-review-star-active"" jsan=""7.section-review-star,7.section-review-star-active,8.src,0.alt"" jsinstance=""2"" jstcache=""267"" src=""//maps.gstatic.com/consumer/images/icons/2x/ic_star_rate_14.png""/><img alt="""" class=""section-review-star section-review-star-active"" jsan=""7.section-review-star,7.section-review-star-active,8.src,0.alt"" jsinstance=""3"" jstcache=""267"" src=""//maps.gstatic.com/consumer/images/icons/2x/ic_star_rate_14.png""/><img alt="""" class=""section-review-star"" jsan=""7.section-review-star,8.src,0.alt"" jsinstance=""*4"" jstcache=""267"" src=""//maps.gstatic.com/consumer/images/icons/2x/ic_star_rate_empty_14.png""/> </span>",https://www.google.com/maps/contrib/105335921047119474602?hl=en-IN,Its awesome!! Big airport fulfilling with good facilities.,a day ago
 Santhosh Metri ,"<span aria-label="" 4 stars "" class=""section-review-stars"" jsan=""7.section-review-stars,0.aria-label,0.role,t-1xcf3_7ROhA"" jstcache=""228"" role=""img""> <img alt="""" class=""section-review-star section-review-star-active"" jsan=""7.section-review-star,7.section-review-star-active,8.src,0.alt"" jsinstance=""0"" jstcache=""267"" src=""//maps.gstatic.com/consumer/images/icons/2x/ic_star_rate_14.png""/><img alt="""" class=""section-review-star section-review-star-active"" jsan=""7.section-review-star,7.section-review-star-active,8.src,0.alt"" jsinstance=""1"" jstcache=""267"" src=""//maps.gstatic.com/consumer/images/icons/2x/ic_star_rate_14.png""/><img alt="""" class=""section-review-star section-review-star-active"" jsan=""7.section-review-star,7.section-review-star-active,8.src,0.alt"" jsinstance=""2"" jstcache=""267"" src=""//maps.gstatic.com/consumer/images/icons/2x/ic_star_rate_14.png""/><img alt="""" class=""section-review-star section-review-star-active"" jsan=""7.section-review-star,7.section-review-star-active,8.src,0.alt"" jsinstance=""3"" jstcache=""267"" src=""//maps.gstatic.com/consumer/images/icons/2x/ic_star_rate_14.png""/><img alt="""" class=""section-review-star"" jsan=""7.section-review-star,8.src,0.alt"" jsinstance=""*4"" jstcache=""267"" src=""//maps.gstatic.com/consumer/images/icons/2x/ic_star_rate_empty_14.png""/> </span>",https://www.google.com/maps/contrib/108120031000898312956?hl=en-IN,"I am giving 4 stars only during covid because the health screening procedure was very poorly managed. Definitely this will improve
 It took over 3hrs for us to get out of the airport since arrival. Quite easily this can be well managed. There are no toilets before health screening, this has to be taken care off when people are waiting for such a long time.  Hope so this will improve with experience. Thanks to the staff anyways for keeping up with the crowd patiently.",4 weeks ago
 Anant Mahajan ,"<span aria-label="" 5 stars "" class=""section-review-stars"" jsan=""7.section-review-stars,0.aria-label,0.role,t-1xcf3_7ROhA"" jstcache=""228"" role=""img""> <img alt="""" class=""section-review-star section-review-star-active"" jsan=""7.section-review-star,7.section-review-star-active,8.src,0.alt"" jsinstance=""0"" jstcache=""267"" src=""//maps.gstatic.com/consumer/images/icons/2x/ic_star_rate_14.png""/><img alt="""" class=""section-review-star section-review-star-active"" jsan=""7.section-review-star,7.section-review-star-active,8.src,0.alt"" jsinstance=""1"" jstcache=""267"" src=""//maps.gstatic.com/consumer/images/icons/2x/ic_star_rate_14.png""/><img alt="""" class=""section-review-star section-review-star-active"" jsan=""7.section-review-star,7.section-review-star-active,8.src,0.alt"" jsinstance=""2"" jstcache=""267"" src=""//maps.gstatic.com/consumer/images/icons/2x/ic_star_rate_14.png""/><img alt="""" class=""section-review-star section-review-star-active"" jsan=""7.section-review-star,7.section-review-star-active,8.src,0.alt"" jsinstance=""3"" jstcache=""267"" src=""//maps.gstatic.com/consumer/images/icons/2x/ic_star_rate_14.png""/><img alt="""" class=""section-review-star section-review-star-active"" jsan=""7.section-review-star,7.section-review-star-active,8.src,0.alt"" jsinstance=""*4"" jstcache=""267"" src=""//maps.gstatic.com/consumer/images/icons/2x/ic_star_rate_14.png""/> </span>",https://www.google.com/maps/contrib/106642865101698340925?hl=en-IN,Great service. All social distancing protocols maintained and extremely hygienic.,a week ago
 Subbrajoyti Saha ,"<span aria-label="" 5 stars "" class=""section-review-stars"" jsan=""7.section-review-stars,0.aria-label,0.role,t-1xcf3_7ROhA"" jstcache=""228"" role=""img""> <img alt="""" class=""section-review-star section-review-star-active"" jsan=""7.section-review-star,7.section-review-star-active,8.src,0.alt"" jsinstance=""0"" jstcache=""267"" src=""//maps.gstatic.com/consumer/images/icons/2x/ic_star_rate_14.png""/><img alt="""" class=""section-review-star section-review-star-active"" jsan=""7.section-review-star,7.section-review-star-active,8.src,0.alt"" jsinstance=""1"" jstcache=""267"" src=""//maps.gstatic.com/consumer/images/icons/2x/ic_star_rate_14.png""/><img alt="""" class=""section-review-star section-review-star-active"" jsan=""7.section-review-star,7.section-review-star-active,8.src,0.alt"" jsinstance=""2"" jstcache=""267"" src=""//maps.gstatic.com/consumer/images/icons/2x/ic_star_rate_14.png""/><img alt="""" class=""section-review-star section-review-star-active"" jsan=""7.section-review-star,7.section-review-star-active,8.src,0.alt"" jsinstance=""3"" jstcache=""267"" src=""//maps.gstatic.com/consumer/images/icons/2x/ic_star_rate_14.png""/><img alt="""" class=""section-review-star section-review-star-active"" jsan=""7.section-review-star,7.section-review-star-active,8.src,0.alt"" jsinstance=""*4"" jstcache=""267"" src=""//maps.gstatic.com/consumer/images/icons/2x/ic_star_rate_14.png""/> </span>",https://www.google.com/maps/contrib/112604660265323282259?hl=en-IN,"This is the best airport in India. Everything is neat and clean. After covid, it has become no human touch airport. You will come, take boarding passes on your own from vending machines and even bag tags. Even foods at KFC and other stalls also you can order through screens installed next to the shops. This is an international airport but it is located at a very long distance from the bangalore city. So it will take 45 to 60 minutes to reach the main city from here by a cab.",3 weeks ago
 jayesh dosi ,"<span aria-label="" 5 stars "" class=""section-review-stars"" jsan=""7.section-review-stars,0.aria-label,0.role,t-1xcf3_7ROhA"" jstcache=""228"" role=""img""> <img alt="""" class=""section-review-star section-review-star-active"" jsan=""7.section-review-star,7.section-review-star-active,8.src,0.alt"" jsinstance=""0"" jstcache=""267"" src=""//maps.gstatic.com/consumer/images/icons/2x/ic_star_rate_14.png""/><img alt="""" class=""section-review-star section-review-star-active"" jsan=""7.section-review-star,7.section-review-star-active,8.src,0.alt"" jsinstance=""1"" jstcache=""267"" src=""//maps.gstatic.com/consumer/images/icons/2x/ic_star_rate_14.png""/><img alt="""" class=""section-review-star section-review-star-active"" jsan=""7.section-review-star,7.section-review-star-active,8.src,0.alt"" jsinstance=""2"" jstcache=""267"" src=""//maps.gstatic.com/consumer/images/icons/2x/ic_star_rate_14.png""/><img alt="""" class=""section-review-star section-review-star-active"" jsan=""7.section-review-star,7.section-review-star-active,8.src,0.alt"" jsinstance=""3"" jstcache=""267"" src=""//maps.gstatic.com/consumer/images/icons/2x/ic_star_rate_14.png""/><img alt="""" class=""section-review-star section-review-star-active"" jsan=""7.section-review-star,7.section-review-star-active,8.src,0.alt"" jsinstance=""*4"" jstcache=""267"" src=""//maps.gstatic.com/consumer/images/icons/2x/ic_star_rate_14.png""/> </span>",https://www.google.com/maps/contrib/110742250166868563428?hl=en-IN,Truly amazed by the hospitality gave by the lounge in this covid-19 circumstance.,a week ago
 Jayanth GM ,"<span aria-label="" 5 stars "" class=""section-review-stars"" jsan=""7.section-review-stars,0.aria-label,0.role,t-1xcf3_7ROhA"" jstcache=""228"" role=""img""> <img alt="""" class=""section-review-star section-review-star-active"" jsan=""7.section-review-star,7.section-review-star-active,8.src,0.alt"" jsinstance=""0"" jstcache=""267"" src=""//maps.gstatic.com/consumer/images/icons/2x/ic_star_rate_14.png""/><img alt="""" class=""section-review-star section-review-star-active"" jsan=""7.section-review-star,7.section-review-star-active,8.src,0.alt"" jsinstance=""1"" jstcache=""267"" src=""//maps.gstatic.com/consumer/images/icons/2x/ic_star_rate_14.png""/><img alt="""" class=""section-review-star section-review-star-active"" jsan=""7.section-review-star,7.section-review-star-active,8.src,0.alt"" jsinstance=""2"" jstcache=""267"" src=""//maps.gstatic.com/consumer/images/icons/2x/ic_star_rate_14.png""/><img alt="""" class=""section-review-star section-review-star-active"" jsan=""7.section-review-star,7.section-review-star-active,8.src,0.alt"" jsinstance=""3"" jstcache=""267"" src=""//maps.gstatic.com/consumer/images/icons/2x/ic_star_rate_14.png""/><img alt="""" class=""section-review-star section-review-star-active"" jsan=""7.section-review-star,7.section-review-star-active,8.src,0.alt"" jsinstance=""*4"" jstcache=""267"" src=""//maps.gstatic.com/consumer/images/icons/2x/ic_star_rate_14.png""/> </span>",https://www.google.com/maps/contrib/115963340488092836916?hl=en-IN,I was really happy to see the airport environment after COVID pandemic. From entry to exit its was guided and maintained well. I believe individual person also follow the set rules.,a week ago
 amit sharma ,"<span aria-label="" 5 stars "" class=""section-review-stars"" jsan=""7.section-review-stars,0.aria-label,0.role,t-1xcf3_7ROhA"" jstcache=""228"" role=""img""> <img alt="""" class=""section-review-star section-review-star-active"" jsan=""7.section-review-star,7.section-review-star-active,8.src,0.alt"" jsinstance=""0"" jstcache=""267"" src=""//maps.gstatic.com/consumer/images/icons/2x/ic_star_rate_14.png""/><img alt="""" class=""section-review-star section-review-star-active"" jsan=""7.section-review-star,7.section-review-star-active,8.src,0.alt"" jsinstance=""1"" jstcache=""267"" src=""//maps.gstatic.com/consumer/images/icons/2x/ic_star_rate_14.png""/><img alt="""" class=""section-review-star section-review-star-active"" jsan=""7.section-review-star,7.section-review-star-active,8.src,0.alt"" jsinstance=""2"" jstcache=""267"" src=""//maps.gstatic.com/consumer/images/icons/2x/ic_star_rate_14.png""/><img alt="""" class=""section-review-star section-review-star-active"" jsan=""7.section-review-star,7.section-review-star-active,8.src,0.alt"" jsinstance=""3"" jstcache=""267"" src=""//maps.gstatic.com/consumer/images/icons/2x/ic_star_rate_14.png""/><img alt="""" class=""section-review-star section-review-star-active"" jsan=""7.section-review-star,7.section-review-star-active,8.src,0.alt"" jsinstance=""*4"" jstcache=""267"" src=""//maps.gstatic.com/consumer/images/icons/2x/ic_star_rate_14.png""/> </span>",https://www.google.com/maps/contrib/105369451140933551640?hl=en-IN,Staffs are good  airport are neat and clean but far away from city Airport buses must stop in one district center at night time  so that female travelers may board the flight easily and without any fear,a day ago
 CHETAN BHANDARI ,"<span aria-label="" 4 stars "" class=""section-review-stars"" jsan=""7.section-review-stars,0.aria-label,0.role,t-1xcf3_7ROhA"" jstcache=""228"" role=""img""> <img alt="""" class=""section-review-star section-review-star-active"" jsan=""7.section-review-star,7.section-review-star-active,8.src,0.alt"" jsinstance=""0"" jstcache=""267"" src=""//maps.gstatic.com/consumer/images/icons/2x/ic_star_rate_14.png""/><img alt="""" class=""section-review-star section-review-star-active"" jsan=""7.section-review-star,7.section-review-star-active,8.src,0.alt"" jsinstance=""1"" jstcache=""267"" src=""//maps.gstatic.com/consumer/images/icons/2x/ic_star_rate_14.png""/><img alt="""" class=""section-review-star section-review-star-active"" jsan=""7.section-review-star,7.section-review-star-active,8.src,0.alt"" jsinstance=""2"" jstcache=""267"" src=""//maps.gstatic.com/consumer/images/icons/2x/ic_star_rate_14.png""/><img alt="""" class=""section-review-star section-review-star-active"" jsan=""7.section-review-star,7.section-review-star-active,8.src,0.alt"" jsinstance=""3"" jstcache=""267"" src=""//maps.gstatic.com/consumer/images/icons/2x/ic_star_rate_14.png""/><img alt="""" class=""section-review-star"" jsan=""7.section-review-star,8.src,0.alt"" jsinstance=""*4"" jstcache=""267"" src=""//maps.gstatic.com/consumer/images/icons/2x/ic_star_rate_empty_14.png""/> </span>",https://www.google.com/maps/contrib/103307746564088038368?hl=en-IN,Well maintained and nice ambience... But very far from Main city.. No mode of transportation available for going nearby district,a day ago
 Vicky tham ,"<span aria-label="" 4 stars "" class=""section-review-stars"" jsan=""7.section-review-stars,0.aria-label,0.role,t-1xcf3_7ROhA"" jstcache=""228"" role=""img""> <img alt="""" class=""section-review-star section-review-star-active"" jsan=""7.section-review-star,7.section-review-star-active,8.src,0.alt"" jsinstance=""0"" jstcache=""267"" src=""//maps.gstatic.com/consumer/images/icons/2x/ic_star_rate_14.png""/><img alt="""" class=""section-review-star section-review-star-active"" jsan=""7.section-review-star,7.section-review-star-active,8.src,0.alt"" jsinstance=""1"" jstcache=""267"" src=""//maps.gstatic.com/consumer/images/icons/2x/ic_star_rate_14.png""/><img alt="""" class=""section-review-star section-review-star-active"" jsan=""7.section-review-star,7.section-review-star-active,8.src,0.alt"" jsinstance=""2"" jstcache=""267"" src=""//maps.gstatic.com/consumer/images/icons/2x/ic_star_rate_14.png""/><img alt="""" class=""section-review-star section-review-star-active"" jsan=""7.section-review-star,7.section-review-star-active,8.src,0.alt"" jsinstance=""3"" jstcache=""267"" src=""//maps.gstatic.com/consumer/images/icons/2x/ic_star_rate_14.png""/><img alt="""" class=""section-review-star"" jsan=""7.section-review-star,8.src,0.alt"" jsinstance=""*4"" jstcache=""267"" src=""//maps.gstatic.com/consumer/images/icons/2x/ic_star_rate_empty_14.png""/> </span>",https://www.google.com/maps/contrib/101993350957137083050?hl=en-IN,"It covers nearly 35 km from Bangalore to Airport. From the entrance to the terminal, in the Airport Road the flowers are planted on centre of the road and also in both sides. It looks like a garden and the fragrance from the flowers gives a fresh natural air. More garden facilities are under construction 17/08/2020.
l travelled during Covid-19 pandemic albeit the airport are maintain the social distancing.The thermal scanner are used to check the passengers. The airport also clean and fresh.",a week ago
 Ashish Choudhary ,"<span aria-label="" 4 stars "" class=""section-review-stars"" jsan=""7.section-review-stars,0.aria-label,0.role,t-1xcf3_7ROhA"" jstcache=""228"" role=""img""> <img alt="""" class=""section-review-star section-review-star-active"" jsan=""7.section-review-star,7.section-review-star-active,8.src,0.alt"" jsinstance=""0"" jstcache=""267"" src=""//maps.gstatic.com/consumer/images/icons/2x/ic_star_rate_14.png""/><img alt="""" class=""section-review-star section-review-star-active"" jsan=""7.section-review-star,7.section-review-star-active,8.src,0.alt"" jsinstance=""1"" jstcache=""267"" src=""//maps.gstatic.com/consumer/images/icons/2x/ic_star_rate_14.png""/><img alt="""" class=""section-review-star section-review-star-active"" jsan=""7.section-review-star,7.section-review-star-active,8.src,0.alt"" jsinstance=""2"" jstcache=""267"" src=""//maps.gstatic.com/consumer/images/icons/2x/ic_star_rate_14.png""/><img alt="""" class=""section-review-star section-review-star-active"" jsan=""7.section-review-star,7.section-review-star-active,8.src,0.alt"" jsinstance=""3"" jstcache=""267"" src=""//maps.gstatic.com/consumer/images/icons/2x/ic_star_rate_14.png""/><img alt="""" class=""section-review-star"" jsan=""7.section-review-star,8.src,0.alt"" jsinstance=""*4"" jstcache=""267"" src=""//maps.gstatic.com/consumer/images/icons/2x/ic_star_rate_empty_14.png""/> </span>",https://www.google.com/maps/contrib/108548964808866529654?hl=en-IN,"It's always nice to visit this airport. However, construction is going on these days due to which some areas are closed.",a day ago
 Siddanth Krishna ,"<span aria-label="" 5 stars "" class=""section-review-stars"" jsan=""7.section-review-stars,0.aria-label,0.role,t-1xcf3_7ROhA"" jstcache=""228"" role=""img""> <img alt="""" class=""section-review-star section-review-star-active"" jsan=""7.section-review-star,7.section-review-star-active,8.src,0.alt"" jsinstance=""0"" jstcache=""267"" src=""//maps.gstatic.com/consumer/images/icons/2x/ic_star_rate_14.png""/><img alt="""" class=""section-review-star section-review-star-active"" jsan=""7.section-review-star,7.section-review-star-active,8.src,0.alt"" jsinstance=""1"" jstcache=""267"" src=""//maps.gstatic.com/consumer/images/icons/2x/ic_star_rate_14.png""/><img alt="""" class=""section-review-star section-review-star-active"" jsan=""7.section-review-star,7.section-review-star-active,8.src,0.alt"" jsinstance=""2"" jstcache=""267"" src=""//maps.gstatic.com/consumer/images/icons/2x/ic_star_rate_14.png""/><img alt="""" class=""section-review-star section-review-star-active"" jsan=""7.section-review-star,7.section-review-star-active,8.src,0.alt"" jsinstance=""3"" jstcache=""267"" src=""//maps.gstatic.com/consumer/images/icons/2x/ic_star_rate_14.png""/><img alt="""" class=""section-review-star section-review-star-active"" jsan=""7.section-review-star,7.section-review-star-active,8.src,0.alt"" jsinstance=""*4"" jstcache=""267"" src=""//maps.gstatic.com/consumer/images/icons/2x/ic_star_rate_14.png""/> </span>",https://www.google.com/maps/contrib/117783682876409289235?hl=en-IN,"One of the most tech-advanced airports in India. 
After undergoing an intense renovation, BLR airport boasts a very modern outdoor hub called the QUAD which has a collection of shops, dine-in restaurants and local handicraft stores. The best part is, you don't even have to fly somewhere to experience the amenities. As for the airport itself, it's undergoing an expansion to move into  a 2 parallel runway system and a also brand new terminal.",3 weeks ago
 pvsudharani ,"<span aria-label="" 3 stars "" class=""section-review-stars"" jsan=""7.section-review-stars,0.aria-label,0.role,t-1xcf3_7ROhA"" jstcache=""228"" role=""img""> <img alt="""" class=""section-review-star section-review-star-active"" jsan=""7.section-review-star,7.section-review-star-active,8.src,0.alt"" jsinstance=""0"" jstcache=""267"" src=""//maps.gstatic.com/consumer/images/icons/2x/ic_star_rate_14.png""/><img alt="""" class=""section-review-star section-review-star-active"" jsan=""7.section-review-star,7.section-review-star-active,8.src,0.alt"" jsinstance=""1"" jstcache=""267"" src=""//maps.gstatic.com/consumer/images/icons/2x/ic_star_rate_14.png""/><img alt="""" class=""section-review-star section-review-star-active"" jsan=""7.section-review-star,7.section-review-star-active,8.src,0.alt"" jsinstance=""2"" jstcache=""267"" src=""//maps.gstatic.com/consumer/images/icons/2x/ic_star_rate_14.png""/><img alt="""" class=""section-review-star"" jsan=""7.section-review-star,8.src,0.alt"" jsinstance=""3"" jstcache=""267"" src=""//maps.gstatic.com/consumer/images/icons/2x/ic_star_rate_empty_14.png""/><img alt="""" class=""section-review-star"" jsan=""7.section-review-star,8.src,0.alt"" jsinstance=""*4"" jstcache=""267"" src=""//maps.gstatic.com/consumer/images/icons/2x/ic_star_rate_empty_14.png""/> </span>",https://www.google.com/maps/contrib/104833993967126646013?hl=en-IN,Now there is a new process called as web check in. And we need to get the temperature check 3 to 4 times. There will be no food available in the flights or nearby airport. Wearing masks inside the domestic flights is not that mandatory. No social distancing is followed.,3 days ago
 Gajendra Shende ,"<span aria-label="" 5 stars "" class=""section-review-stars"" jsan=""7.section-review-stars,0.aria-label,0.role,t-1xcf3_7ROhA"" jstcache=""228"" role=""img""> <img alt="""" class=""section-review-star section-review-star-active"" jsan=""7.section-review-star,7.section-review-star-active,8.src,0.alt"" jsinstance=""0"" jstcache=""267"" src=""//maps.gstatic.com/consumer/images/icons/2x/ic_star_rate_14.png""/><img alt="""" class=""section-review-star section-review-star-active"" jsan=""7.section-review-star,7.section-review-star-active,8.src,0.alt"" jsinstance=""1"" jstcache=""267"" src=""//maps.gstatic.com/consumer/images/icons/2x/ic_star_rate_14.png""/><img alt="""" class=""section-review-star section-review-star-active"" jsan=""7.section-review-star,7.section-review-star-active,8.src,0.alt"" jsinstance=""2"" jstcache=""267"" src=""//maps.gstatic.com/consumer/images/icons/2x/ic_star_rate_14.png""/><img alt="""" class=""section-review-star section-review-star-active"" jsan=""7.section-review-star,7.section-review-star-active,8.src,0.alt"" jsinstance=""3"" jstcache=""267"" src=""//maps.gstatic.com/consumer/images/icons/2x/ic_star_rate_14.png""/><img alt="""" class=""section-review-star section-review-star-active"" jsan=""7.section-review-star,7.section-review-star-active,8.src,0.alt"" jsinstance=""*4"" jstcache=""267"" src=""//maps.gstatic.com/consumer/images/icons/2x/ic_star_rate_14.png""/> </span>",https://www.google.com/maps/contrib/109784408387621805204?hl=en-IN,Nice arrangements done by the authorities considering COVID 19 situation.,a week ago
 chetan parmar ,"<span aria-label="" 5 stars "" class=""section-review-stars"" jsan=""7.section-review-stars,0.aria-label,0.role,t-1xcf3_7ROhA"" jstcache=""228"" role=""img""> <img alt="""" class=""section-review-star section-review-star-active"" jsan=""7.section-review-star,7.section-review-star-active,8.src,0.alt"" jsinstance=""0"" jstcache=""267"" src=""//maps.gstatic.com/consumer/images/icons/2x/ic_star_rate_14.png""/><img alt="""" class=""section-review-star section-review-star-active"" jsan=""7.section-review-star,7.section-review-star-active,8.src,0.alt"" jsinstance=""1"" jstcache=""267"" src=""//maps.gstatic.com/consumer/images/icons/2x/ic_star_rate_14.png""/><img alt="""" class=""section-review-star section-review-star-active"" jsan=""7.section-review-star,7.section-review-star-active,8.src,0.alt"" jsinstance=""2"" jstcache=""267"" src=""//maps.gstatic.com/consumer/images/icons/2x/ic_star_rate_14.png""/><img alt="""" class=""section-review-star section-review-star-active"" jsan=""7.section-review-star,7.section-review-star-active,8.src,0.alt"" jsinstance=""3"" jstcache=""267"" src=""//maps.gstatic.com/consumer/images/icons/2x/ic_star_rate_14.png""/><img alt="""" class=""section-review-star section-review-star-active"" jsan=""7.section-review-star,7.section-review-star-active,8.src,0.alt"" jsinstance=""*4"" jstcache=""267"" src=""//maps.gstatic.com/consumer/images/icons/2x/ic_star_rate_14.png""/> </span>",https://www.google.com/maps/contrib/117795025441873728547?hl=en-IN,"It was very neat and clean with all facilities
Services were good
Now a days many things automated it's nice experience",6 days ago
 Nikhil Ratnam ,"<span aria-label="" 5 stars "" class=""section-review-stars"" jsan=""7.section-review-stars,0.aria-label,0.role,t-1xcf3_7ROhA"" jstcache=""228"" role=""img""> <img alt="""" class=""section-review-star section-review-star-active"" jsan=""7.section-review-star,7.section-review-star-active,8.src,0.alt"" jsinstance=""0"" jstcache=""267"" src=""//maps.gstatic.com/consumer/images/icons/2x/ic_star_rate_14.png""/><img alt="""" class=""section-review-star section-review-star-active"" jsan=""7.section-review-star,7.section-review-star-active,8.src,0.alt"" jsinstance=""1"" jstcache=""267"" src=""//maps.gstatic.com/consumer/images/icons/2x/ic_star_rate_14.png""/><img alt="""" class=""section-review-star section-review-star-active"" jsan=""7.section-review-star,7.section-review-star-active,8.src,0.alt"" jsinstance=""2"" jstcache=""267"" src=""//maps.gstatic.com/consumer/images/icons/2x/ic_star_rate_14.png""/><img alt="""" class=""section-review-star section-review-star-active"" jsan=""7.section-review-star,7.section-review-star-active,8.src,0.alt"" jsinstance=""3"" jstcache=""267"" src=""//maps.gstatic.com/consumer/images/icons/2x/ic_star_rate_14.png""/><img alt="""" class=""section-review-star section-review-star-active"" jsan=""7.section-review-star,7.section-review-star-active,8.src,0.alt"" jsinstance=""*4"" jstcache=""267"" src=""//maps.gstatic.com/consumer/images/icons/2x/ic_star_rate_14.png""/> </span>",https://www.google.com/maps/contrib/114389758307511614241?hl=en-IN,I have been to and transited through many international airports. Have to say that Bangalore international Airport is one of the better managed and operated airports.  From immigration ans security staff all the way to check-in and handlers everyone is courteous and diligent.,2 days ago
 Rajesh Ponnusamy ,"<span aria-label="" 5 stars "" class=""section-review-stars"" jsan=""7.section-review-stars,0.aria-label,0.role,t-1xcf3_7ROhA"" jstcache=""228"" role=""img""> <img alt="""" class=""section-review-star section-review-star-active"" jsan=""7.section-review-star,7.section-review-star-active,8.src,0.alt"" jsinstance=""0"" jstcache=""267"" src=""//maps.gstatic.com/consumer/images/icons/2x/ic_star_rate_14.png""/><img alt="""" class=""section-review-star section-review-star-active"" jsan=""7.section-review-star,7.section-review-star-active,8.src,0.alt"" jsinstance=""1"" jstcache=""267"" src=""//maps.gstatic.com/consumer/images/icons/2x/ic_star_rate_14.png""/><img alt="""" class=""section-review-star section-review-star-active"" jsan=""7.section-review-star,7.section-review-star-active,8.src,0.alt"" jsinstance=""2"" jstcache=""267"" src=""//maps.gstatic.com/consumer/images/icons/2x/ic_star_rate_14.png""/><img alt="""" class=""section-review-star section-review-star-active"" jsan=""7.section-review-star,7.section-review-star-active,8.src,0.alt"" jsinstance=""3"" jstcache=""267"" src=""//maps.gstatic.com/consumer/images/icons/2x/ic_star_rate_14.png""/><img alt="""" class=""section-review-star section-review-star-active"" jsan=""7.section-review-star,7.section-review-star-active,8.src,0.alt"" jsinstance=""*4"" jstcache=""267"" src=""//maps.gstatic.com/consumer/images/icons/2x/ic_star_rate_14.png""/> </span>",https://www.google.com/maps/contrib/117688832511760922007?hl=en-IN,"Well maintained, place for domestic and international travel, even during COVID-19 the government advisories are strictly enforced and followed!",3 days ago
 navneet kumar ,"<span aria-label="" 5 stars "" class=""section-review-stars"" jsan=""7.section-review-stars,0.aria-label,0.role,t-1xcf3_7ROhA"" jstcache=""228"" role=""img""> <img alt="""" class=""section-review-star section-review-star-active"" jsan=""7.section-review-star,7.section-review-star-active,8.src,0.alt"" jsinstance=""0"" jstcache=""267"" src=""//maps.gstatic.com/consumer/images/icons/2x/ic_star_rate_14.png""/><img alt="""" class=""section-review-star section-review-star-active"" jsan=""7.section-review-star,7.section-review-star-active,8.src,0.alt"" jsinstance=""1"" jstcache=""267"" src=""//maps.gstatic.com/consumer/images/icons/2x/ic_star_rate_14.png""/><img alt="""" class=""section-review-star section-review-star-active"" jsan=""7.section-review-star,7.section-review-star-active,8.src,0.alt"" jsinstance=""2"" jstcache=""267"" src=""//maps.gstatic.com/consumer/images/icons/2x/ic_star_rate_14.png""/><img alt="""" class=""section-review-star section-review-star-active"" jsan=""7.section-review-star,7.section-review-star-active,8.src,0.alt"" jsinstance=""3"" jstcache=""267"" src=""//maps.gstatic.com/consumer/images/icons/2x/ic_star_rate_14.png""/><img alt="""" class=""section-review-star section-review-star-active"" jsan=""7.section-review-star,7.section-review-star-active,8.src,0.alt"" jsinstance=""*4"" jstcache=""267"" src=""//maps.gstatic.com/consumer/images/icons/2x/ic_star_rate_14.png""/> </span>",https://www.google.com/maps/contrib/109912751375969844218?hl=en-IN,"Cleanliness is truth, management of queue is good. Never faced an issue. Security could be improved once the entry is made into the airport premises, specially in COViD situation",a week ago
 aryan kanth ,"<span aria-label="" 3 stars "" class=""section-review-stars"" jsan=""7.section-review-stars,0.aria-label,0.role,t-1xcf3_7ROhA"" jstcache=""228"" role=""img""> <img alt="""" class=""section-review-star section-review-star-active"" jsan=""7.section-review-star,7.section-review-star-active,8.src,0.alt"" jsinstance=""0"" jstcache=""267"" src=""//maps.gstatic.com/consumer/images/icons/2x/ic_star_rate_14.png""/><img alt="""" class=""section-review-star section-review-star-active"" jsan=""7.section-review-star,7.section-review-star-active,8.src,0.alt"" jsinstance=""1"" jstcache=""267"" src=""//maps.gstatic.com/consumer/images/icons/2x/ic_star_rate_14.png""/><img alt="""" class=""section-review-star section-review-star-active"" jsan=""7.section-review-star,7.section-review-star-active,8.src,0.alt"" jsinstance=""2"" jstcache=""267"" src=""//maps.gstatic.com/consumer/images/icons/2x/ic_star_rate_14.png""/><img alt="""" class=""section-review-star"" jsan=""7.section-review-star,8.src,0.alt"" jsinstance=""3"" jstcache=""267"" src=""//maps.gstatic.com/consumer/images/icons/2x/ic_star_rate_empty_14.png""/><img alt="""" class=""section-review-star"" jsan=""7.section-review-star,8.src,0.alt"" jsinstance=""*4"" jstcache=""267"" src=""//maps.gstatic.com/consumer/images/icons/2x/ic_star_rate_empty_14.png""/> </span>",https://www.google.com/maps/contrib/102208144670745677594?hl=en-IN,It's currently under renovation for the new terminal addition. Trouble with two wheeler parking. Otherwise it's well maintained.,2 days ago
 Sachin Thampan ,"<span aria-label="" 4 stars "" class=""section-review-stars"" jsan=""7.section-review-stars,0.aria-label,0.role,t-1xcf3_7ROhA"" jstcache=""228"" role=""img""> <img alt="""" class=""section-review-star section-review-star-active"" jsan=""7.section-review-star,7.section-review-star-active,8.src,0.alt"" jsinstance=""0"" jstcache=""267"" src=""//maps.gstatic.com/consumer/images/icons/2x/ic_star_rate_14.png""/><img alt="""" class=""section-review-star section-review-star-active"" jsan=""7.section-review-star,7.section-review-star-active,8.src,0.alt"" jsinstance=""1"" jstcache=""267"" src=""//maps.gstatic.com/consumer/images/icons/2x/ic_star_rate_14.png""/><img alt="""" class=""section-review-star section-review-star-active"" jsan=""7.section-review-star,7.section-review-star-active,8.src,0.alt"" jsinstance=""2"" jstcache=""267"" src=""//maps.gstatic.com/consumer/images/icons/2x/ic_star_rate_14.png""/><img alt="""" class=""section-review-star section-review-star-active"" jsan=""7.section-review-star,7.section-review-star-active,8.src,0.alt"" jsinstance=""3"" jstcache=""267"" src=""//maps.gstatic.com/consumer/images/icons/2x/ic_star_rate_14.png""/><img alt="""" class=""section-review-star"" jsan=""7.section-review-star,8.src,0.alt"" jsinstance=""*4"" jstcache=""267"" src=""//maps.gstatic.com/consumer/images/icons/2x/ic_star_rate_empty_14.png""/> </span>",https://www.google.com/maps/contrib/103970686567140226577?hl=en-IN,"Awesome place, the services are good. Food court is expensive only things that's affordable and filling are subway ( which is outside) and kfc (which is after security check)",a week ago
 Pydi Nikhil ,"<span aria-label="" 5 stars "" class=""section-review-stars"" jsan=""7.section-review-stars,0.aria-label,0.role,t-1xcf3_7ROhA"" jstcache=""228"" role=""img""> <img alt="""" class=""section-review-star section-review-star-active"" jsan=""7.section-review-star,7.section-review-star-active,8.src,0.alt"" jsinstance=""0"" jstcache=""267"" src=""//maps.gstatic.com/consumer/images/icons/2x/ic_star_rate_14.png""/><img alt="""" class=""section-review-star section-review-star-active"" jsan=""7.section-review-star,7.section-review-star-active,8.src,0.alt"" jsinstance=""1"" jstcache=""267"" src=""//maps.gstatic.com/consumer/images/icons/2x/ic_star_rate_14.png""/><img alt="""" class=""section-review-star section-review-star-active"" jsan=""7.section-review-star,7.section-review-star-active,8.src,0.alt"" jsinstance=""2"" jstcache=""267"" src=""//maps.gstatic.com/consumer/images/icons/2x/ic_star_rate_14.png""/><img alt="""" class=""section-review-star section-review-star-active"" jsan=""7.section-review-star,7.section-review-star-active,8.src,0.alt"" jsinstance=""3"" jstcache=""267"" src=""//maps.gstatic.com/consumer/images/icons/2x/ic_star_rate_14.png""/><img alt="""" class=""section-review-star section-review-star-active"" jsan=""7.section-review-star,7.section-review-star-active,8.src,0.alt"" jsinstance=""*4"" jstcache=""267"" src=""//maps.gstatic.com/consumer/images/icons/2x/ic_star_rate_14.png""/> </span>",https://www.google.com/maps/contrib/110580429694895244738?hl=en-IN,This Is an International as well as Domestic Airport in INDIA which is Busy all the Time even in Pendemic situations. All the measure's are taken to sanitize it. Well Maintained and had best Facilities for all kind of Passengers... Well …,a month ago
 Imam Khan ,"<span aria-label="" 5 stars "" class=""section-review-stars"" jsan=""7.section-review-stars,0.aria-label,0.role,t-1xcf3_7ROhA"" jstcache=""228"" role=""img""> <img alt="""" class=""section-review-star section-review-star-active"" jsan=""7.section-review-star,7.section-review-star-active,8.src,0.alt"" jsinstance=""0"" jstcache=""267"" src=""//maps.gstatic.com/consumer/images/icons/2x/ic_star_rate_14.png""/><img alt="""" class=""section-review-star section-review-star-active"" jsan=""7.section-review-star,7.section-review-star-active,8.src,0.alt"" jsinstance=""1"" jstcache=""267"" src=""//maps.gstatic.com/consumer/images/icons/2x/ic_star_rate_14.png""/><img alt="""" class=""section-review-star section-review-star-active"" jsan=""7.section-review-star,7.section-review-star-active,8.src,0.alt"" jsinstance=""2"" jstcache=""267"" src=""//maps.gstatic.com/consumer/images/icons/2x/ic_star_rate_14.png""/><img alt="""" class=""section-review-star section-review-star-active"" jsan=""7.section-review-star,7.section-review-star-active,8.src,0.alt"" jsinstance=""3"" jstcache=""267"" src=""//maps.gstatic.com/consumer/images/icons/2x/ic_star_rate_14.png""/><img alt="""" class=""section-review-star section-review-star-active"" jsan=""7.section-review-star,7.section-review-star-active,8.src,0.alt"" jsinstance=""*4"" jstcache=""267"" src=""//maps.gstatic.com/consumer/images/icons/2x/ic_star_rate_14.png""/> </span>",https://www.google.com/maps/contrib/100756697861900194649?hl=en-IN,"Banglore airport is like a palace for the people , the facilities the infrastructure every thing is very perfect",6 days ago
 Avinash ,"<span aria-label="" 5 stars "" class=""section-review-stars"" jsan=""7.section-review-stars,0.aria-label,0.role,t-1xcf3_7ROhA"" jstcache=""228"" role=""img""> <img alt="""" class=""section-review-star section-review-star-active"" jsan=""7.section-review-star,7.section-review-star-active,8.src,0.alt"" jsinstance=""0"" jstcache=""267"" src=""//maps.gstatic.com/consumer/images/icons/2x/ic_star_rate_14.png""/><img alt="""" class=""section-review-star section-review-star-active"" jsan=""7.section-review-star,7.section-review-star-active,8.src,0.alt"" jsinstance=""1"" jstcache=""267"" src=""//maps.gstatic.com/consumer/images/icons/2x/ic_star_rate_14.png""/><img alt="""" class=""section-review-star section-review-star-active"" jsan=""7.section-review-star,7.section-review-star-active,8.src,0.alt"" jsinstance=""2"" jstcache=""267"" src=""//maps.gstatic.com/consumer/images/icons/2x/ic_star_rate_14.png""/><img alt="""" class=""section-review-star section-review-star-active"" jsan=""7.section-review-star,7.section-review-star-active,8.src,0.alt"" jsinstance=""3"" jstcache=""267"" src=""//maps.gstatic.com/consumer/images/icons/2x/ic_star_rate_14.png""/><img alt="""" class=""section-review-star section-review-star-active"" jsan=""7.section-review-star,7.section-review-star-active,8.src,0.alt"" jsinstance=""*4"" jstcache=""267"" src=""//maps.gstatic.com/consumer/images/icons/2x/ic_star_rate_14.png""/> </span>",https://www.google.com/maps/contrib/115854860060756724193?hl=en-IN,"Considering covid 19 situation, airport is fully prepared. Almost all contact less desk and procedure. You can have PPE kit by your own as well.",5 days ago
 Rakesh Mehra ,"<span aria-label="" 5 stars "" class=""section-review-stars"" jsan=""7.section-review-stars,0.aria-label,0.role,t-1xcf3_7ROhA"" jstcache=""228"" role=""img""> <img alt="""" class=""section-review-star section-review-star-active"" jsan=""7.section-review-star,7.section-review-star-active,8.src,0.alt"" jsinstance=""0"" jstcache=""267"" src=""//maps.gstatic.com/consumer/images/icons/2x/ic_star_rate_14.png""/><img alt="""" class=""section-review-star section-review-star-active"" jsan=""7.section-review-star,7.section-review-star-active,8.src,0.alt"" jsinstance=""1"" jstcache=""267"" src=""//maps.gstatic.com/consumer/images/icons/2x/ic_star_rate_14.png""/><img alt="""" class=""section-review-star section-review-star-active"" jsan=""7.section-review-star,7.section-review-star-active,8.src,0.alt"" jsinstance=""2"" jstcache=""267"" src=""//maps.gstatic.com/consumer/images/icons/2x/ic_star_rate_14.png""/><img alt="""" class=""section-review-star section-review-star-active"" jsan=""7.section-review-star,7.section-review-star-active,8.src,0.alt"" jsinstance=""3"" jstcache=""267"" src=""//maps.gstatic.com/consumer/images/icons/2x/ic_star_rate_14.png""/><img alt="""" class=""section-review-star section-review-star-active"" jsan=""7.section-review-star,7.section-review-star-active,8.src,0.alt"" jsinstance=""*4"" jstcache=""267"" src=""//maps.gstatic.com/consumer/images/icons/2x/ic_star_rate_14.png""/> </span>",https://www.google.com/maps/contrib/116953710933005310627?hl=en-IN,"Airport is well maintained, cleaned and disinfected thoroughly. Quite big and busy but well organized and ordered. You'd want to reach atleast 2 hours before your flight time to avoid last time rush. Has only one Terminal for both domestic and international flights. Adequate stores for meals but overpriced.",2 months ago
 Amith Sahani ,"<span aria-label="" 5 stars "" class=""section-review-stars"" jsan=""7.section-review-stars,0.aria-label,0.role,t-1xcf3_7ROhA"" jstcache=""228"" role=""img""> <img alt="""" class=""section-review-star section-review-star-active"" jsan=""7.section-review-star,7.section-review-star-active,8.src,0.alt"" jsinstance=""0"" jstcache=""267"" src=""//maps.gstatic.com/consumer/images/icons/2x/ic_star_rate_14.png""/><img alt="""" class=""section-review-star section-review-star-active"" jsan=""7.section-review-star,7.section-review-star-active,8.src,0.alt"" jsinstance=""1"" jstcache=""267"" src=""//maps.gstatic.com/consumer/images/icons/2x/ic_star_rate_14.png""/><img alt="""" class=""section-review-star section-review-star-active"" jsan=""7.section-review-star,7.section-review-star-active,8.src,0.alt"" jsinstance=""2"" jstcache=""267"" src=""//maps.gstatic.com/consumer/images/icons/2x/ic_star_rate_14.png""/><img alt="""" class=""section-review-star section-review-star-active"" jsan=""7.section-review-star,7.section-review-star-active,8.src,0.alt"" jsinstance=""3"" jstcache=""267"" src=""//maps.gstatic.com/consumer/images/icons/2x/ic_star_rate_14.png""/><img alt="""" class=""section-review-star section-review-star-active"" jsan=""7.section-review-star,7.section-review-star-active,8.src,0.alt"" jsinstance=""*4"" jstcache=""267"" src=""//maps.gstatic.com/consumer/images/icons/2x/ic_star_rate_14.png""/> </span>",https://www.google.com/maps/contrib/118389694594136389165?hl=en-IN,"Everthing was good specially during this covid-19 times..
Clicked the photos while returning back to Banglore. The river in that is 'THE GANGA'",2 weeks ago
 Civil Byte Karan ,"<span aria-label="" 4 stars "" class=""section-review-stars"" jsan=""7.section-review-stars,0.aria-label,0.role,t-1xcf3_7ROhA"" jstcache=""228"" role=""img""> <img alt="""" class=""section-review-star section-review-star-active"" jsan=""7.section-review-star,7.section-review-star-active,8.src,0.alt"" jsinstance=""0"" jstcache=""267"" src=""//maps.gstatic.com/consumer/images/icons/2x/ic_star_rate_14.png""/><img alt="""" class=""section-review-star section-review-star-active"" jsan=""7.section-review-star,7.section-review-star-active,8.src,0.alt"" jsinstance=""1"" jstcache=""267"" src=""//maps.gstatic.com/consumer/images/icons/2x/ic_star_rate_14.png""/><img alt="""" class=""section-review-star section-review-star-active"" jsan=""7.section-review-star,7.section-review-star-active,8.src,0.alt"" jsinstance=""2"" jstcache=""267"" src=""//maps.gstatic.com/consumer/images/icons/2x/ic_star_rate_14.png""/><img alt="""" class=""section-review-star section-review-star-active"" jsan=""7.section-review-star,7.section-review-star-active,8.src,0.alt"" jsinstance=""3"" jstcache=""267"" src=""//maps.gstatic.com/consumer/images/icons/2x/ic_star_rate_14.png""/><img alt="""" class=""section-review-star"" jsan=""7.section-review-star,8.src,0.alt"" jsinstance=""*4"" jstcache=""267"" src=""//maps.gstatic.com/consumer/images/icons/2x/ic_star_rate_empty_14.png""/> </span>",https://www.google.com/maps/contrib/108612927997029907886?hl=en-IN,"It is international airport it's infrastructure is very impressive. During Covid-19 pandemic it is necessary to have epass of seva sindhu for travel to Karnataka.
All flights are available here , one thing is that , it is far away from …",3 weeks ago
 Ashwin Sekhar ,"<span aria-label="" 5 stars "" class=""section-review-stars"" jsan=""7.section-review-stars,0.aria-label,0.role,t-1xcf3_7ROhA"" jstcache=""228"" role=""img""> <img alt="""" class=""section-review-star section-review-star-active"" jsan=""7.section-review-star,7.section-review-star-active,8.src,0.alt"" jsinstance=""0"" jstcache=""267"" src=""//maps.gstatic.com/consumer/images/icons/2x/ic_star_rate_14.png""/><img alt="""" class=""section-review-star section-review-star-active"" jsan=""7.section-review-star,7.section-review-star-active,8.src,0.alt"" jsinstance=""1"" jstcache=""267"" src=""//maps.gstatic.com/consumer/images/icons/2x/ic_star_rate_14.png""/><img alt="""" class=""section-review-star section-review-star-active"" jsan=""7.section-review-star,7.section-review-star-active,8.src,0.alt"" jsinstance=""2"" jstcache=""267"" src=""//maps.gstatic.com/consumer/images/icons/2x/ic_star_rate_14.png""/><img alt="""" class=""section-review-star section-review-star-active"" jsan=""7.section-review-star,7.section-review-star-active,8.src,0.alt"" jsinstance=""3"" jstcache=""267"" src=""//maps.gstatic.com/consumer/images/icons/2x/ic_star_rate_14.png""/><img alt="""" class=""section-review-star section-review-star-active"" jsan=""7.section-review-star,7.section-review-star-active,8.src,0.alt"" jsinstance=""*4"" jstcache=""267"" src=""//maps.gstatic.com/consumer/images/icons/2x/ic_star_rate_14.png""/> </span>",https://www.google.com/maps/contrib/110659901656453409725?hl=en-IN,"One for the present & the future....I can say easily this is the best airport in South India...Passenger handling,  Connectivity, Destinations, Expansion all happening here....",a week ago
 Dr. Amrendra kumar ,"<span aria-label="" 4 stars "" class=""section-review-stars"" jsan=""7.section-review-stars,0.aria-label,0.role,t-1xcf3_7ROhA"" jstcache=""228"" role=""img""> <img alt="""" class=""section-review-star section-review-star-active"" jsan=""7.section-review-star,7.section-review-star-active,8.src,0.alt"" jsinstance=""0"" jstcache=""267"" src=""//maps.gstatic.com/consumer/images/icons/2x/ic_star_rate_14.png""/><img alt="""" class=""section-review-star section-review-star-active"" jsan=""7.section-review-star,7.section-review-star-active,8.src,0.alt"" jsinstance=""1"" jstcache=""267"" src=""//maps.gstatic.com/consumer/images/icons/2x/ic_star_rate_14.png""/><img alt="""" class=""section-review-star section-review-star-active"" jsan=""7.section-review-star,7.section-review-star-active,8.src,0.alt"" jsinstance=""2"" jstcache=""267"" src=""//maps.gstatic.com/consumer/images/icons/2x/ic_star_rate_14.png""/><img alt="""" class=""section-review-star section-review-star-active"" jsan=""7.section-review-star,7.section-review-star-active,8.src,0.alt"" jsinstance=""3"" jstcache=""267"" src=""//maps.gstatic.com/consumer/images/icons/2x/ic_star_rate_14.png""/><img alt="""" class=""section-review-star"" jsan=""7.section-review-star,8.src,0.alt"" jsinstance=""*4"" jstcache=""267"" src=""//maps.gstatic.com/consumer/images/icons/2x/ic_star_rate_empty_14.png""/> </span>",https://www.google.com/maps/contrib/108096060312713265557?hl=en-IN,Neat clean and luxurious. Safe for handicapped. And also for common man.,a week ago
