Reviewer Name,Reviewer Profile URL,Review,Time
Dear Comrade,https://www.twitter.com/SAVEHUMANTY,"  @cmofkarnataka @bsybjp @narendramodi @pmoindia hi sir..
list of karnataka state people stranded in malayasia more than…",2009-07-26 07:09:33
Bhargav Ram{BR},https://www.twitter.com/bhargav_ram666,@covidnewsbymib @airindiain @dgcaindia @airnewsalerts @meaindia @drsjaishankar @cmotamilnadu @indembkwt… https://t.co/imexv4rym4,2015-09-20 13:43:50
Aishwarya S,https://www.twitter.com/aishwarya_sri14,"  @pmadhwaraj hi sir..
list of karnataka state people stranded in malayasia more than 55 days, plzz arrange a flight to @…",2020-03-31 04:08:47
Vijji Gangu,https://www.twitter.com/VijjiAK,  @hcikl @pmoindia @drsjaishankar @hardeepspuri @mos_mea @cmokerala @harshvshringla @meaindia @malaysiamfa @moca_goi @air…,2015-03-11 09:05:03
sharath shetty,https://www.twitter.com/iam_shetty,"  @hardeepspuri @allianceair hi sir..
list of karnataka state people stranded in malayasia more than 55 days, plzz arrang…",2010-08-02 09:34:59
KARTHIK M K,https://www.twitter.com/KARTHIK1307,"  @cmofkarnataka @bsybjp @narendramodi @pmoindia hi sir..
list of karnataka state people stranded in malayasia more than…",2015-03-05 06:17:17
रंगबाज़,https://www.twitter.com/sid353fg,"  @cmofkarnataka @bsybjp @narendramodi @pmoindia hi sir..
list of karnataka state people stranded in malayasia more than…",2009-10-25 18:53:17
VOBLR #StayHome🇮🇳,https://www.twitter.com/sandeeprrao1991,@bhargav_ram666 @sachinsingvi @drsjaishankar @airindiain @moca_goi @hcikl @blrairport @bsybjp @sriramulubjp… https://t.co/hixcyundsg,2014-09-29 09:25:13
Ranjeet,https://www.twitter.com/Ranjeet31693877,  @hcikl @pmoindia @drsjaishankar @hardeepspuri @mos_mea @cmokerala @harshvshringla @meaindia @malaysiamfa @moca_goi @air…,2020-03-17 16:16:12
Anuraj,https://www.twitter.com/anuraj_kj,"  @cmofkarnataka @bsybjp @narendramodi @pmoindia hi sir..
list of karnataka state people stranded in malayasia more than…",2019-10-06 03:48:26
sksreenivasa,https://www.twitter.com/sreensk,"  take a virtual voyage to the awe-inspiring destinations in karnataka and experience the spectacular heritage, history &amp; wil…",2009-11-16 11:49:10
Jasmine,https://www.twitter.com/Jasmine85160845,  @mehere2019 @mananthakkar45 @hardeepspuri @dgcaindia @meaindia @drsjaishankar @pmoindia @hmoindia @narendramodi @aai_offi…,2020-05-02 08:22:13
Vishwas K V 🇮🇳,https://www.twitter.com/VishwasKV2,"  @cmofkarnataka @bsybjp @narendramodi @pmoindia hi sir..
list of karnataka state people stranded in malayasia more than…",2019-11-09 11:12:55
Ruchin Samani,https://www.twitter.com/Ruchin_Samani,  pls start outbound international flights2canada. canada is allowing people to travel. @hardeepspuri @dgcaindia @meaindia…,2012-12-30 14:29:21
Nikhil Chakrapani,https://www.twitter.com/Nikhilgc220,  many @nristranded in karnataka prefer @blrairport as their choice for overseas travel. don’t see it the repatriation plan of t…,2013-08-12 17:56:18
rahulyad,https://www.twitter.com/rahulyad3,  pls start outbound international flights2canada. canada is allowing people to travel. @hardeepspuri @dgcaindia @meaindia…,2020-04-30 14:56:10
Priya/Zuri/Louise,https://www.twitter.com/klishtakara,"  @pmadhwaraj hi sir..
list of karnataka state people stranded in malayasia more than 55 days, plzz arrange a flight to @…",2018-04-10 16:18:40
Bhargav Ram{BR},https://www.twitter.com/bhargav_ram666,"@bsbommai hi sir..
list of karnataka state people stranded in malayasia more than 55 days, plzz arrange a flight to… https://t.co/ouflfybmum",2015-09-20 13:43:50
Yogesh cv,https://www.twitter.com/yogescv,"  @cmofkarnataka @bsybjp @narendramodi @pmoindia hi sir..
list of karnataka state people stranded in malayasia more than…",2012-09-17 13:05:58
Bhargav Ram{BR},https://www.twitter.com/bhargav_ram666,@covidnewsbymib @airindiain @meaindia @drsjaishankar @moca_goi @hardeepspuri @iaf_mcc @indiandiplomacy @mohfw_india… https://t.co/2usrddsy5f,2015-09-20 13:43:50
