Reviewer Name,Reviewer Rating,Reviewer Profile URL,Review,Time
 Subin George ,"<span aria-label="" 5 stars "" class=""section-review-stars"" jsan=""7.section-review-stars,0.aria-label,0.role,t-1xcf3_7ROhA"" jstcache=""228"" role=""img""> <span class=""section-review-star section-review-star-active"" jsan=""7.section-review-star,7.section-review-star-active"" jsinstance=""0"" jstcache=""267""></span><span class=""section-review-star section-review-star-active"" jsan=""7.section-review-star,7.section-review-star-active"" jsinstance=""1"" jstcache=""267""></span><span class=""section-review-star section-review-star-active"" jsan=""7.section-review-star,7.section-review-star-active"" jsinstance=""2"" jstcache=""267""></span><span class=""section-review-star section-review-star-active"" jsan=""7.section-review-star,7.section-review-star-active"" jsinstance=""3"" jstcache=""267""></span><span class=""section-review-star section-review-star-active"" jsan=""7.section-review-star,7.section-review-star-active"" jsinstance=""*4"" jstcache=""267""></span> </span>",https://www.google.com/maps/contrib/110712649011735397866?hl=en-IN,"Tea and Cookies are worth of money, the sugar is kept seperate. The staff service is quick. They have wide varieties of snacks and pastries also. Its in the Bangalore International Terminal in between Gate No. 39 & 40.  Near to it there is lot of sitting space to relax and enjoy the break before flight.",2 months ago
 Milo Kat ,"<span aria-label="" 3 stars "" class=""section-review-stars"" jsan=""7.section-review-stars,0.aria-label,0.role,t-1xcf3_7ROhA"" jstcache=""228"" role=""img""> <span class=""section-review-star section-review-star-active"" jsan=""7.section-review-star,7.section-review-star-active"" jsinstance=""0"" jstcache=""267""></span><span class=""section-review-star section-review-star-active"" jsan=""7.section-review-star,7.section-review-star-active"" jsinstance=""1"" jstcache=""267""></span><span class=""section-review-star section-review-star-active"" jsan=""7.section-review-star,7.section-review-star-active"" jsinstance=""2"" jstcache=""267""></span><span class=""section-review-star"" jsan=""7.section-review-star"" jsinstance=""3"" jstcache=""267""></span><span class=""section-review-star"" jsan=""7.section-review-star"" jsinstance=""*4"" jstcache=""267""></span> </span>",https://www.google.com/maps/contrib/114241849711447337587?hl=en-IN,A small decent place for tea and snacks located on lower gates of airport.,3 weeks ago
 Chandra K Murthy ,"<span aria-label="" 4 stars "" class=""section-review-stars"" jsan=""7.section-review-stars,0.aria-label,0.role,t-1xcf3_7ROhA"" jstcache=""228"" role=""img""> <span class=""section-review-star section-review-star-active"" jsan=""7.section-review-star,7.section-review-star-active"" jsinstance=""0"" jstcache=""267""></span><span class=""section-review-star section-review-star-active"" jsan=""7.section-review-star,7.section-review-star-active"" jsinstance=""1"" jstcache=""267""></span><span class=""section-review-star section-review-star-active"" jsan=""7.section-review-star,7.section-review-star-active"" jsinstance=""2"" jstcache=""267""></span><span class=""section-review-star section-review-star-active"" jsan=""7.section-review-star,7.section-review-star-active"" jsinstance=""3"" jstcache=""267""></span><span class=""section-review-star"" jsan=""7.section-review-star"" jsinstance=""*4"" jstcache=""267""></span> </span>",https://www.google.com/maps/contrib/105788228002699439957?hl=en-IN,"This is one of the eateries in the ground level of Kempegowda International Airport, Bangalore.  They have snacks, bakery products and other dishes for breakfast, lunch and dinner.  The place is neat and elegant with less crowd.  Service is friendly.  I enjoyed filter coffee.",9 months ago
 Deepesh P C ,"<span aria-label="" 3 stars "" class=""section-review-stars"" jsan=""7.section-review-stars,0.aria-label,0.role,t-1xcf3_7ROhA"" jstcache=""228"" role=""img""> <span class=""section-review-star section-review-star-active"" jsan=""7.section-review-star,7.section-review-star-active"" jsinstance=""0"" jstcache=""267""></span><span class=""section-review-star section-review-star-active"" jsan=""7.section-review-star,7.section-review-star-active"" jsinstance=""1"" jstcache=""267""></span><span class=""section-review-star section-review-star-active"" jsan=""7.section-review-star,7.section-review-star-active"" jsinstance=""2"" jstcache=""267""></span><span class=""section-review-star"" jsan=""7.section-review-star"" jsinstance=""3"" jstcache=""267""></span><span class=""section-review-star"" jsan=""7.section-review-star"" jsinstance=""*4"" jstcache=""267""></span> </span>",https://www.google.com/maps/contrib/108566345333531151665?hl=en-IN,"Located inside the bangalore international airport, this food outlet is near to gate 3 and has to come down from the main terminal to be reached. It's a decent food outlet and mainly serves baked items, juices and other beverages. They have few seating table in front of the store too.",3 months ago
 Ashish Verghese ,"<span aria-label="" 5 stars "" class=""section-review-stars"" jsan=""7.section-review-stars,0.aria-label,0.role,t-1xcf3_7ROhA"" jstcache=""228"" role=""img""> <span class=""section-review-star section-review-star-active"" jsan=""7.section-review-star,7.section-review-star-active"" jsinstance=""0"" jstcache=""267""></span><span class=""section-review-star section-review-star-active"" jsan=""7.section-review-star,7.section-review-star-active"" jsinstance=""1"" jstcache=""267""></span><span class=""section-review-star section-review-star-active"" jsan=""7.section-review-star,7.section-review-star-active"" jsinstance=""2"" jstcache=""267""></span><span class=""section-review-star section-review-star-active"" jsan=""7.section-review-star,7.section-review-star-active"" jsinstance=""3"" jstcache=""267""></span><span class=""section-review-star section-review-star-active"" jsan=""7.section-review-star,7.section-review-star-active"" jsinstance=""*4"" jstcache=""267""></span> </span>",https://www.google.com/maps/contrib/112822572312886136600?hl=en-IN,"Those familiar with the layout of Bangalore International Airport, they would know that gates 3 to 11 are located on the ground floor, with an escalator. Urban food Market basically serves bakery items such as croissants, sandwiches, cookies etc. It also serves coffee. There is no difference in prices as compared to other similar joints, but it definitely offers convenience for fliers during their waiting time. One interesting thing is that it offers take-away, which is actually a substitute for costly on-board meals.",3 months ago
 Rahul Raveendran V P ,"<span aria-label="" 4 stars "" class=""section-review-stars"" jsan=""7.section-review-stars,0.aria-label,0.role,t-1xcf3_7ROhA"" jstcache=""228"" role=""img""> <span class=""section-review-star section-review-star-active"" jsan=""7.section-review-star,7.section-review-star-active"" jsinstance=""0"" jstcache=""267""></span><span class=""section-review-star section-review-star-active"" jsan=""7.section-review-star,7.section-review-star-active"" jsinstance=""1"" jstcache=""267""></span><span class=""section-review-star section-review-star-active"" jsan=""7.section-review-star,7.section-review-star-active"" jsinstance=""2"" jstcache=""267""></span><span class=""section-review-star section-review-star-active"" jsan=""7.section-review-star,7.section-review-star-active"" jsinstance=""3"" jstcache=""267""></span><span class=""section-review-star"" jsan=""7.section-review-star"" jsinstance=""*4"" jstcache=""267""></span> </span>",https://www.google.com/maps/contrib/115488126426847506994?hl=en-IN,The food is of best quality. Very well behaved staffs. Remembering that you're in the airport the food is value for money! I'd recommend this place.,11 months ago
 Letsbuy Sarees ,"<span aria-label="" 5 stars "" class=""section-review-stars"" jsan=""7.section-review-stars,0.aria-label,0.role,t-1xcf3_7ROhA"" jstcache=""228"" role=""img""> <span class=""section-review-star section-review-star-active"" jsan=""7.section-review-star,7.section-review-star-active"" jsinstance=""0"" jstcache=""267""></span><span class=""section-review-star section-review-star-active"" jsan=""7.section-review-star,7.section-review-star-active"" jsinstance=""1"" jstcache=""267""></span><span class=""section-review-star section-review-star-active"" jsan=""7.section-review-star,7.section-review-star-active"" jsinstance=""2"" jstcache=""267""></span><span class=""section-review-star section-review-star-active"" jsan=""7.section-review-star,7.section-review-star-active"" jsinstance=""3"" jstcache=""267""></span><span class=""section-review-star section-review-star-active"" jsan=""7.section-review-star,7.section-review-star-active"" jsinstance=""*4"" jstcache=""267""></span> </span>",https://www.google.com/maps/contrib/112268912941161307804?hl=en-IN,We had vegitable roll and burger in the airport.its really hot and spicy and it has made freshly as well as ever hour they are restocking..one of the fantastic food which I had in Bangalore Airport.,2 months ago
 Jagannathan Srinivasamurthy ,"<span aria-label="" 4 stars "" class=""section-review-stars"" jsan=""7.section-review-stars,0.aria-label,0.role,t-1xcf3_7ROhA"" jstcache=""228"" role=""img""> <span class=""section-review-star section-review-star-active"" jsan=""7.section-review-star,7.section-review-star-active"" jsinstance=""0"" jstcache=""267""></span><span class=""section-review-star section-review-star-active"" jsan=""7.section-review-star,7.section-review-star-active"" jsinstance=""1"" jstcache=""267""></span><span class=""section-review-star section-review-star-active"" jsan=""7.section-review-star,7.section-review-star-active"" jsinstance=""2"" jstcache=""267""></span><span class=""section-review-star section-review-star-active"" jsan=""7.section-review-star,7.section-review-star-active"" jsinstance=""3"" jstcache=""267""></span><span class=""section-review-star"" jsan=""7.section-review-star"" jsinstance=""*4"" jstcache=""267""></span> </span>",https://www.google.com/maps/contrib/103995470005892181191?hl=en-IN,"This is very near to Gate 40.  They have varieties of breads, cappuccino, latte and our indian filter coffee,.donuts. Pastries, Sandwich etc.  They also have all aerated drinks.  Good service by the staff. They also sell organic coffee powder.  Had vegetarian puff and coffee ans they were good.",a year ago
 Muralidharan Nair ,"<span aria-label="" 5 stars "" class=""section-review-stars"" jsan=""7.section-review-stars,0.aria-label,0.role,t-1xcf3_7ROhA"" jstcache=""228"" role=""img""> <span class=""section-review-star section-review-star-active"" jsan=""7.section-review-star,7.section-review-star-active"" jsinstance=""0"" jstcache=""267""></span><span class=""section-review-star section-review-star-active"" jsan=""7.section-review-star,7.section-review-star-active"" jsinstance=""1"" jstcache=""267""></span><span class=""section-review-star section-review-star-active"" jsan=""7.section-review-star,7.section-review-star-active"" jsinstance=""2"" jstcache=""267""></span><span class=""section-review-star section-review-star-active"" jsan=""7.section-review-star,7.section-review-star-active"" jsinstance=""3"" jstcache=""267""></span><span class=""section-review-star section-review-star-active"" jsan=""7.section-review-star,7.section-review-star-active"" jsinstance=""*4"" jstcache=""267""></span> </span>",https://www.google.com/maps/contrib/103847439879073418550?hl=en-IN,"It’s cosy corner 
Quick service and well placed near gate 3 

Loved it easy ambience quick service and choice of items",a year ago
 Joseph George ,"<span aria-label="" 3 stars "" class=""section-review-stars"" jsan=""7.section-review-stars,0.aria-label,0.role,t-1xcf3_7ROhA"" jstcache=""228"" role=""img""> <span class=""section-review-star section-review-star-active"" jsan=""7.section-review-star,7.section-review-star-active"" jsinstance=""0"" jstcache=""267""></span><span class=""section-review-star section-review-star-active"" jsan=""7.section-review-star,7.section-review-star-active"" jsinstance=""1"" jstcache=""267""></span><span class=""section-review-star section-review-star-active"" jsan=""7.section-review-star,7.section-review-star-active"" jsinstance=""2"" jstcache=""267""></span><span class=""section-review-star"" jsan=""7.section-review-star"" jsinstance=""3"" jstcache=""267""></span><span class=""section-review-star"" jsan=""7.section-review-star"" jsinstance=""*4"" jstcache=""267""></span> </span>",https://www.google.com/maps/contrib/108874618739268044233?hl=en-IN,"Reasonably good food outlet within kempagowda airport bengaluru. The food varieties are limited, mostly baked items and juices. Number of tables are few and could see the surroundings are super clean. I feel this is just an OK food outlet.",4 months ago
 Tom Korah Manalody ,"<span aria-label="" 5 stars "" class=""section-review-stars"" jsan=""7.section-review-stars,0.aria-label,0.role,t-1xcf3_7ROhA"" jstcache=""228"" role=""img""> <span class=""section-review-star section-review-star-active"" jsan=""7.section-review-star,7.section-review-star-active"" jsinstance=""0"" jstcache=""267""></span><span class=""section-review-star section-review-star-active"" jsan=""7.section-review-star,7.section-review-star-active"" jsinstance=""1"" jstcache=""267""></span><span class=""section-review-star section-review-star-active"" jsan=""7.section-review-star,7.section-review-star-active"" jsinstance=""2"" jstcache=""267""></span><span class=""section-review-star section-review-star-active"" jsan=""7.section-review-star,7.section-review-star-active"" jsinstance=""3"" jstcache=""267""></span><span class=""section-review-star section-review-star-active"" jsan=""7.section-review-star,7.section-review-star-active"" jsinstance=""*4"" jstcache=""267""></span> </span>",https://www.google.com/maps/contrib/107124501394395047435?hl=en-IN,I am really impressed with courtesy of the management. I had a problem with payment with my card they even told me you can go without paying if you have no option but some how I paid them.,a year ago
 Swayam Shah ,"<span aria-label="" 1 star "" class=""section-review-stars"" jsan=""7.section-review-stars,0.aria-label,0.role,t-1xcf3_7ROhA"" jstcache=""228"" role=""img""> <span class=""section-review-star section-review-star-active"" jsan=""7.section-review-star,7.section-review-star-active"" jsinstance=""0"" jstcache=""267""></span><span class=""section-review-star"" jsan=""7.section-review-star"" jsinstance=""1"" jstcache=""267""></span><span class=""section-review-star"" jsan=""7.section-review-star"" jsinstance=""2"" jstcache=""267""></span><span class=""section-review-star"" jsan=""7.section-review-star"" jsinstance=""3"" jstcache=""267""></span><span class=""section-review-star"" jsan=""7.section-review-star"" jsinstance=""*4"" jstcache=""267""></span> </span>",https://www.google.com/maps/contrib/101976771219159194925?hl=en-IN,Ordered a hot chocolate worth RS 160. The quantity was less and well the hot chocolate was just some syrup with warm milk which tasted bland. Please do not go.,2 months ago
 md arif khan ,"<span aria-label="" 4 stars "" class=""section-review-stars"" jsan=""7.section-review-stars,0.aria-label,0.role,t-1xcf3_7ROhA"" jstcache=""228"" role=""img""> <span class=""section-review-star section-review-star-active"" jsan=""7.section-review-star,7.section-review-star-active"" jsinstance=""0"" jstcache=""267""></span><span class=""section-review-star section-review-star-active"" jsan=""7.section-review-star,7.section-review-star-active"" jsinstance=""1"" jstcache=""267""></span><span class=""section-review-star section-review-star-active"" jsan=""7.section-review-star,7.section-review-star-active"" jsinstance=""2"" jstcache=""267""></span><span class=""section-review-star section-review-star-active"" jsan=""7.section-review-star,7.section-review-star-active"" jsinstance=""3"" jstcache=""267""></span><span class=""section-review-star"" jsan=""7.section-review-star"" jsinstance=""*4"" jstcache=""267""></span> </span>",https://www.google.com/maps/contrib/114374707888515504922?hl=en-IN,"Tried Cappuccino and Latte and both were upto the mark. Pricing was reasonable 125 Rs. given that it's in airport basement G1-G6. 

The croissants and burger were also well decorated and tasty but little over priced. 

All in all for good early morning kick.",2 years ago
 srinivas petikam ,"<span aria-label="" 2 stars "" class=""section-review-stars"" jsan=""7.section-review-stars,0.aria-label,0.role,t-1xcf3_7ROhA"" jstcache=""228"" role=""img""> <span class=""section-review-star section-review-star-active"" jsan=""7.section-review-star,7.section-review-star-active"" jsinstance=""0"" jstcache=""267""></span><span class=""section-review-star section-review-star-active"" jsan=""7.section-review-star,7.section-review-star-active"" jsinstance=""1"" jstcache=""267""></span><span class=""section-review-star"" jsan=""7.section-review-star"" jsinstance=""2"" jstcache=""267""></span><span class=""section-review-star"" jsan=""7.section-review-star"" jsinstance=""3"" jstcache=""267""></span><span class=""section-review-star"" jsan=""7.section-review-star"" jsinstance=""*4"" jstcache=""267""></span> </span>",https://www.google.com/maps/contrib/116071549786142956790?hl=en-IN,"Overflowing garbage bin, non responsive attitude of staff towards the cleanliness 😕",3 months ago
 Aashish Sharma ,"<span aria-label="" 1 star "" class=""section-review-stars"" jsan=""7.section-review-stars,0.aria-label,0.role,t-1xcf3_7ROhA"" jstcache=""228"" role=""img""> <span class=""section-review-star section-review-star-active"" jsan=""7.section-review-star,7.section-review-star-active"" jsinstance=""0"" jstcache=""267""></span><span class=""section-review-star"" jsan=""7.section-review-star"" jsinstance=""1"" jstcache=""267""></span><span class=""section-review-star"" jsan=""7.section-review-star"" jsinstance=""2"" jstcache=""267""></span><span class=""section-review-star"" jsan=""7.section-review-star"" jsinstance=""3"" jstcache=""267""></span><span class=""section-review-star"" jsan=""7.section-review-star"" jsinstance=""*4"" jstcache=""267""></span> </span>",https://www.google.com/maps/contrib/118347567957910417829?hl=en-IN,"This place is fit only for those who want to have a quick bite. Don't expect service or taste or fresh food.
I ordered crossiant.... Felt like eating... But could not eat. It was at least 3 days old. And has been reheated just before serving.
Not mention that food at airports is usually expensive.

Just try carrying ur own food if u feel hungry at the gates of any airport. :)",a year ago
 Avinash Acharya ,"<span aria-label="" 1 star "" class=""section-review-stars"" jsan=""7.section-review-stars,0.aria-label,0.role,t-1xcf3_7ROhA"" jstcache=""228"" role=""img""> <span class=""section-review-star section-review-star-active"" jsan=""7.section-review-star,7.section-review-star-active"" jsinstance=""0"" jstcache=""267""></span><span class=""section-review-star"" jsan=""7.section-review-star"" jsinstance=""1"" jstcache=""267""></span><span class=""section-review-star"" jsan=""7.section-review-star"" jsinstance=""2"" jstcache=""267""></span><span class=""section-review-star"" jsan=""7.section-review-star"" jsinstance=""3"" jstcache=""267""></span><span class=""section-review-star"" jsan=""7.section-review-star"" jsinstance=""*4"" jstcache=""267""></span> </span>",https://www.google.com/maps/contrib/108859161397050081810?hl=en-IN,"This place can be listed amongst the worst  places for food.

First time I tried a double barrel sausage treat and it was like a papad, next time I was hungry again and thought I will try brownie, atleast that can't go bad.... It was a disaster. When I asked the staff was rude enough to deny the truth that brownie was like a rock. It was like rusk with some walnuts on it. I think the pastry chef might have worked in a local biscuit factory before.... Even in airports no value for complaints, hence writing this review.",a year ago
 Niranjan Kamath ,"<span aria-label="" 4 stars "" class=""section-review-stars"" jsan=""7.section-review-stars,0.aria-label,0.role,t-1xcf3_7ROhA"" jstcache=""228"" role=""img""> <span class=""section-review-star section-review-star-active"" jsan=""7.section-review-star,7.section-review-star-active"" jsinstance=""0"" jstcache=""267""></span><span class=""section-review-star section-review-star-active"" jsan=""7.section-review-star,7.section-review-star-active"" jsinstance=""1"" jstcache=""267""></span><span class=""section-review-star section-review-star-active"" jsan=""7.section-review-star,7.section-review-star-active"" jsinstance=""2"" jstcache=""267""></span><span class=""section-review-star section-review-star-active"" jsan=""7.section-review-star,7.section-review-star-active"" jsinstance=""3"" jstcache=""267""></span><span class=""section-review-star"" jsan=""7.section-review-star"" jsinstance=""*4"" jstcache=""267""></span> </span>",https://www.google.com/maps/contrib/106920621892762361758?hl=en-IN,"Puffs, Samosa, Sandwiches and Burgers. Good for a quick snack before a flight. They even have choices in non alcoholic beverages.",2 years ago
 Pritish Ekka ,"<span aria-label="" 1 star "" class=""section-review-stars"" jsan=""7.section-review-stars,0.aria-label,0.role,t-1xcf3_7ROhA"" jstcache=""228"" role=""img""> <span class=""section-review-star section-review-star-active"" jsan=""7.section-review-star,7.section-review-star-active"" jsinstance=""0"" jstcache=""267""></span><span class=""section-review-star"" jsan=""7.section-review-star"" jsinstance=""1"" jstcache=""267""></span><span class=""section-review-star"" jsan=""7.section-review-star"" jsinstance=""2"" jstcache=""267""></span><span class=""section-review-star"" jsan=""7.section-review-star"" jsinstance=""3"" jstcache=""267""></span><span class=""section-review-star"" jsan=""7.section-review-star"" jsinstance=""*4"" jstcache=""267""></span> </span>",https://www.google.com/maps/contrib/101114194482168680848?hl=en-IN,Even after paying premium price. You will get 2nd class food,10 months ago
 Vipin Paul ,"<span aria-label="" 4 stars "" class=""section-review-stars"" jsan=""7.section-review-stars,0.aria-label,0.role,t-1xcf3_7ROhA"" jstcache=""228"" role=""img""> <span class=""section-review-star section-review-star-active"" jsan=""7.section-review-star,7.section-review-star-active"" jsinstance=""0"" jstcache=""267""></span><span class=""section-review-star section-review-star-active"" jsan=""7.section-review-star,7.section-review-star-active"" jsinstance=""1"" jstcache=""267""></span><span class=""section-review-star section-review-star-active"" jsan=""7.section-review-star,7.section-review-star-active"" jsinstance=""2"" jstcache=""267""></span><span class=""section-review-star section-review-star-active"" jsan=""7.section-review-star,7.section-review-star-active"" jsinstance=""3"" jstcache=""267""></span><span class=""section-review-star"" jsan=""7.section-review-star"" jsinstance=""*4"" jstcache=""267""></span> </span>",https://www.google.com/maps/contrib/108371847239380323113?hl=en-IN,Expensive but good one at the airport,a year ago
 Gopinath Gopalan ,"<span aria-label="" 4 stars "" class=""section-review-stars"" jsan=""7.section-review-stars,0.aria-label,0.role,t-1xcf3_7ROhA"" jstcache=""228"" role=""img""> <span class=""section-review-star section-review-star-active"" jsan=""7.section-review-star,7.section-review-star-active"" jsinstance=""0"" jstcache=""267""></span><span class=""section-review-star section-review-star-active"" jsan=""7.section-review-star,7.section-review-star-active"" jsinstance=""1"" jstcache=""267""></span><span class=""section-review-star section-review-star-active"" jsan=""7.section-review-star,7.section-review-star-active"" jsinstance=""2"" jstcache=""267""></span><span class=""section-review-star section-review-star-active"" jsan=""7.section-review-star,7.section-review-star-active"" jsinstance=""3"" jstcache=""267""></span><span class=""section-review-star"" jsan=""7.section-review-star"" jsinstance=""*4"" jstcache=""267""></span> </span>",https://www.google.com/maps/contrib/104919911184726391021?hl=en-IN,Coffee and tea and snacks cool drinks snacks restaurant.taste ok filter coffee.hot beverages and snacks favorite.price $$$ I think ok only. ambiances is good. Taste is almost fine lavazza cappuccino's good muffins and donuts and puff taste yummy taste.i recommend it,a year ago
 Nihal Haneefa ,"<span aria-label="" 1 star "" class=""section-review-stars"" jsan=""7.section-review-stars,0.aria-label,0.role,t-1xcf3_7ROhA"" jstcache=""228"" role=""img""> <span class=""section-review-star section-review-star-active"" jsan=""7.section-review-star,7.section-review-star-active"" jsinstance=""0"" jstcache=""267""></span><span class=""section-review-star"" jsan=""7.section-review-star"" jsinstance=""1"" jstcache=""267""></span><span class=""section-review-star"" jsan=""7.section-review-star"" jsinstance=""2"" jstcache=""267""></span><span class=""section-review-star"" jsan=""7.section-review-star"" jsinstance=""3"" jstcache=""267""></span><span class=""section-review-star"" jsan=""7.section-review-star"" jsinstance=""*4"" jstcache=""267""></span> </span>",https://www.google.com/maps/contrib/115862334695186041147?hl=en-IN,Very bad customer service. The person at the counter swallows what he's saying half way through. Also he was doing some other work while making us wait for some time before taking our order. Also they don't have half the items on the menu (no hot chocolate or caramel latte; had to settle for green tea).,9 months ago
 Richard Paul ,"<span aria-label="" 2 stars "" class=""section-review-stars"" jsan=""7.section-review-stars,0.aria-label,0.role,t-1xcf3_7ROhA"" jstcache=""228"" role=""img""> <span class=""section-review-star section-review-star-active"" jsan=""7.section-review-star,7.section-review-star-active"" jsinstance=""0"" jstcache=""267""></span><span class=""section-review-star section-review-star-active"" jsan=""7.section-review-star,7.section-review-star-active"" jsinstance=""1"" jstcache=""267""></span><span class=""section-review-star"" jsan=""7.section-review-star"" jsinstance=""2"" jstcache=""267""></span><span class=""section-review-star"" jsan=""7.section-review-star"" jsinstance=""3"" jstcache=""267""></span><span class=""section-review-star"" jsan=""7.section-review-star"" jsinstance=""*4"" jstcache=""267""></span> </span>",https://www.google.com/maps/contrib/102312030078756420065?hl=en-IN,Looks interesting.. but tastes bad. Disappointed,2 years ago
 Anit Jain ,"<span aria-label="" 4 stars "" class=""section-review-stars"" jsan=""7.section-review-stars,0.aria-label,0.role,t-1xcf3_7ROhA"" jstcache=""228"" role=""img""> <span class=""section-review-star section-review-star-active"" jsan=""7.section-review-star,7.section-review-star-active"" jsinstance=""0"" jstcache=""267""></span><span class=""section-review-star section-review-star-active"" jsan=""7.section-review-star,7.section-review-star-active"" jsinstance=""1"" jstcache=""267""></span><span class=""section-review-star section-review-star-active"" jsan=""7.section-review-star,7.section-review-star-active"" jsinstance=""2"" jstcache=""267""></span><span class=""section-review-star section-review-star-active"" jsan=""7.section-review-star,7.section-review-star-active"" jsinstance=""3"" jstcache=""267""></span><span class=""section-review-star"" jsan=""7.section-review-star"" jsinstance=""*4"" jstcache=""267""></span> </span>",https://www.google.com/maps/contrib/112278893217955492251?hl=en-IN,"Had a Paneer tikka Panini here, it was nice.....",7 months ago
 shashikant tyagi ,"<span aria-label="" 2 stars "" class=""section-review-stars"" jsan=""7.section-review-stars,0.aria-label,0.role,t-1xcf3_7ROhA"" jstcache=""228"" role=""img""> <span class=""section-review-star section-review-star-active"" jsan=""7.section-review-star,7.section-review-star-active"" jsinstance=""0"" jstcache=""267""></span><span class=""section-review-star section-review-star-active"" jsan=""7.section-review-star,7.section-review-star-active"" jsinstance=""1"" jstcache=""267""></span><span class=""section-review-star"" jsan=""7.section-review-star"" jsinstance=""2"" jstcache=""267""></span><span class=""section-review-star"" jsan=""7.section-review-star"" jsinstance=""3"" jstcache=""267""></span><span class=""section-review-star"" jsan=""7.section-review-star"" jsinstance=""*4"" jstcache=""267""></span> </span>",https://www.google.com/maps/contrib/109681490952950545354?hl=en-IN,Bad experience nit good in food and service both,a year ago
 Rakesh Krishnan ,"<span aria-label="" 3 stars "" class=""section-review-stars"" jsan=""7.section-review-stars,0.aria-label,0.role,t-1xcf3_7ROhA"" jstcache=""228"" role=""img""> <span class=""section-review-star section-review-star-active"" jsan=""7.section-review-star,7.section-review-star-active"" jsinstance=""0"" jstcache=""267""></span><span class=""section-review-star section-review-star-active"" jsan=""7.section-review-star,7.section-review-star-active"" jsinstance=""1"" jstcache=""267""></span><span class=""section-review-star section-review-star-active"" jsan=""7.section-review-star,7.section-review-star-active"" jsinstance=""2"" jstcache=""267""></span><span class=""section-review-star"" jsan=""7.section-review-star"" jsinstance=""3"" jstcache=""267""></span><span class=""section-review-star"" jsan=""7.section-review-star"" jsinstance=""*4"" jstcache=""267""></span> </span>",https://www.google.com/maps/contrib/105972420113041528227?hl=en-IN,"Very small bakery.
Not much options.
Try upper floor cafes",a year ago
 Ankita Pradhan ,"<span aria-label="" 4 stars "" class=""section-review-stars"" jsan=""7.section-review-stars,0.aria-label,0.role,t-1xcf3_7ROhA"" jstcache=""228"" role=""img""> <span class=""section-review-star section-review-star-active"" jsan=""7.section-review-star,7.section-review-star-active"" jsinstance=""0"" jstcache=""267""></span><span class=""section-review-star section-review-star-active"" jsan=""7.section-review-star,7.section-review-star-active"" jsinstance=""1"" jstcache=""267""></span><span class=""section-review-star section-review-star-active"" jsan=""7.section-review-star,7.section-review-star-active"" jsinstance=""2"" jstcache=""267""></span><span class=""section-review-star section-review-star-active"" jsan=""7.section-review-star,7.section-review-star-active"" jsinstance=""3"" jstcache=""267""></span><span class=""section-review-star"" jsan=""7.section-review-star"" jsinstance=""*4"" jstcache=""267""></span> </span>",https://www.google.com/maps/contrib/117949944808430627064?hl=en-IN,"I want to thank the waiter who gave me a replacement without charging when i dropped my muffin. That really lifted my mood a little bit.
I also left the water bottle there after paying, so please give it someone who isn't in good mood.
The muffin n coffee were good. 
Thanks",a year ago
 swati sehgal ,"<span aria-label="" 1 star "" class=""section-review-stars"" jsan=""7.section-review-stars,0.aria-label,0.role,t-1xcf3_7ROhA"" jstcache=""228"" role=""img""> <span class=""section-review-star section-review-star-active"" jsan=""7.section-review-star,7.section-review-star-active"" jsinstance=""0"" jstcache=""267""></span><span class=""section-review-star"" jsan=""7.section-review-star"" jsinstance=""1"" jstcache=""267""></span><span class=""section-review-star"" jsan=""7.section-review-star"" jsinstance=""2"" jstcache=""267""></span><span class=""section-review-star"" jsan=""7.section-review-star"" jsinstance=""3"" jstcache=""267""></span><span class=""section-review-star"" jsan=""7.section-review-star"" jsinstance=""*4"" jstcache=""267""></span> </span>",https://www.google.com/maps/contrib/106685397982603905066?hl=en-IN,Completely stale food. Don’t even acknowledge that they are offering unpalatable food to customers. Deserves a less than 1 star rating,a year ago
 Vishwanath Shendge ,"<span aria-label="" 1 star "" class=""section-review-stars"" jsan=""7.section-review-stars,0.aria-label,0.role,t-1xcf3_7ROhA"" jstcache=""228"" role=""img""> <span class=""section-review-star section-review-star-active"" jsan=""7.section-review-star,7.section-review-star-active"" jsinstance=""0"" jstcache=""267""></span><span class=""section-review-star"" jsan=""7.section-review-star"" jsinstance=""1"" jstcache=""267""></span><span class=""section-review-star"" jsan=""7.section-review-star"" jsinstance=""2"" jstcache=""267""></span><span class=""section-review-star"" jsan=""7.section-review-star"" jsinstance=""3"" jstcache=""267""></span><span class=""section-review-star"" jsan=""7.section-review-star"" jsinstance=""*4"" jstcache=""267""></span> </span>",https://www.google.com/maps/contrib/103194518030272892699?hl=en-IN,"On the 24th of April 19 at about 130 I at the ground floor of Bangalore Internatoonal Airport (KIA)in Urban Food market  I ordered for a cappuccino,  which is priced at Rs. 129, the lady at the counter said it is Rs.130. I paid by my debit card, and later after after boarding the flight  I noticed that my card was swiped for a wapping Rs. 1300, instead of Rs. 130. Lodged a complaint yet no response.  I condemn the said act. The organisation should  stand up to address the grievances.",a year ago
 Sreedharan Marichamy ,"<span aria-label="" 1 star "" class=""section-review-stars"" jsan=""7.section-review-stars,0.aria-label,0.role,t-1xcf3_7ROhA"" jstcache=""228"" role=""img""> <span class=""section-review-star section-review-star-active"" jsan=""7.section-review-star,7.section-review-star-active"" jsinstance=""0"" jstcache=""267""></span><span class=""section-review-star"" jsan=""7.section-review-star"" jsinstance=""1"" jstcache=""267""></span><span class=""section-review-star"" jsan=""7.section-review-star"" jsinstance=""2"" jstcache=""267""></span><span class=""section-review-star"" jsan=""7.section-review-star"" jsinstance=""3"" jstcache=""267""></span><span class=""section-review-star"" jsan=""7.section-review-star"" jsinstance=""*4"" jstcache=""267""></span> </span>",https://www.google.com/maps/contrib/107582004633217830969?hl=en-IN,"Not worth for trying. Either the food is that way or they serve it that way, very poor taste. Ordered a hot chocolate, it was made in bad form of taste.",11 months ago
 Monisha Crasto ,"<span aria-label="" 1 star "" class=""section-review-stars"" jsan=""7.section-review-stars,0.aria-label,0.role,t-1xcf3_7ROhA"" jstcache=""228"" role=""img""> <span class=""section-review-star section-review-star-active"" jsan=""7.section-review-star,7.section-review-star-active"" jsinstance=""0"" jstcache=""267""></span><span class=""section-review-star"" jsan=""7.section-review-star"" jsinstance=""1"" jstcache=""267""></span><span class=""section-review-star"" jsan=""7.section-review-star"" jsinstance=""2"" jstcache=""267""></span><span class=""section-review-star"" jsan=""7.section-review-star"" jsinstance=""3"" jstcache=""267""></span><span class=""section-review-star"" jsan=""7.section-review-star"" jsinstance=""*4"" jstcache=""267""></span> </span>",https://www.google.com/maps/contrib/115145830464800130337?hl=en-IN,Sandwich was full of tomatoes thinnest slice of old ham! It was yuck!,7 months ago
 Misha Khanduja ,"<span aria-label="" 1 star "" class=""section-review-stars"" jsan=""7.section-review-stars,0.aria-label,0.role,t-1xcf3_7ROhA"" jstcache=""228"" role=""img""> <span class=""section-review-star section-review-star-active"" jsan=""7.section-review-star,7.section-review-star-active"" jsinstance=""0"" jstcache=""267""></span><span class=""section-review-star"" jsan=""7.section-review-star"" jsinstance=""1"" jstcache=""267""></span><span class=""section-review-star"" jsan=""7.section-review-star"" jsinstance=""2"" jstcache=""267""></span><span class=""section-review-star"" jsan=""7.section-review-star"" jsinstance=""3"" jstcache=""267""></span><span class=""section-review-star"" jsan=""7.section-review-star"" jsinstance=""*4"" jstcache=""267""></span> </span>",https://www.google.com/maps/contrib/118012096601853699249?hl=en-IN,"Picked up a veg puff... It will put the Guntur chillies to shame ...Instead of being a veg puff it turned out to be a RED CHILLI puff, not palatable by any standards...V dissapointed...",a year ago
 Gopi Nallaiyan ,"<span aria-label="" 4 stars "" class=""section-review-stars"" jsan=""7.section-review-stars,0.aria-label,0.role,t-1xcf3_7ROhA"" jstcache=""228"" role=""img""> <span class=""section-review-star section-review-star-active"" jsan=""7.section-review-star,7.section-review-star-active"" jsinstance=""0"" jstcache=""267""></span><span class=""section-review-star section-review-star-active"" jsan=""7.section-review-star,7.section-review-star-active"" jsinstance=""1"" jstcache=""267""></span><span class=""section-review-star section-review-star-active"" jsan=""7.section-review-star,7.section-review-star-active"" jsinstance=""2"" jstcache=""267""></span><span class=""section-review-star section-review-star-active"" jsan=""7.section-review-star,7.section-review-star-active"" jsinstance=""3"" jstcache=""267""></span><span class=""section-review-star"" jsan=""7.section-review-star"" jsinstance=""*4"" jstcache=""267""></span> </span>",https://www.google.com/maps/contrib/117717395531505414734?hl=en-IN,Good coffee. It is in basement near the gates 3 - 6,2 years ago
 Shravan Shetty ,"<span aria-label="" 3 stars "" class=""section-review-stars"" jsan=""7.section-review-stars,0.aria-label,0.role,t-1xcf3_7ROhA"" jstcache=""228"" role=""img""> <span class=""section-review-star section-review-star-active"" jsan=""7.section-review-star,7.section-review-star-active"" jsinstance=""0"" jstcache=""267""></span><span class=""section-review-star section-review-star-active"" jsan=""7.section-review-star,7.section-review-star-active"" jsinstance=""1"" jstcache=""267""></span><span class=""section-review-star section-review-star-active"" jsan=""7.section-review-star,7.section-review-star-active"" jsinstance=""2"" jstcache=""267""></span><span class=""section-review-star"" jsan=""7.section-review-star"" jsinstance=""3"" jstcache=""267""></span><span class=""section-review-star"" jsan=""7.section-review-star"" jsinstance=""*4"" jstcache=""267""></span> </span>",https://www.google.com/maps/contrib/104966104825921422372?hl=en-IN,Croissant here is usually decent for a light bite,a year ago
 Kake Singh ,"<span aria-label="" 1 star "" class=""section-review-stars"" jsan=""7.section-review-stars,0.aria-label,0.role,t-1xcf3_7ROhA"" jstcache=""228"" role=""img""> <span class=""section-review-star section-review-star-active"" jsan=""7.section-review-star,7.section-review-star-active"" jsinstance=""0"" jstcache=""267""></span><span class=""section-review-star"" jsan=""7.section-review-star"" jsinstance=""1"" jstcache=""267""></span><span class=""section-review-star"" jsan=""7.section-review-star"" jsinstance=""2"" jstcache=""267""></span><span class=""section-review-star"" jsan=""7.section-review-star"" jsinstance=""3"" jstcache=""267""></span><span class=""section-review-star"" jsan=""7.section-review-star"" jsinstance=""*4"" jstcache=""267""></span> </span>",https://www.google.com/maps/contrib/112681763490449814002?hl=en-IN,Very poor quality tea,2 months ago
 Ramesh Yarlagadda ,"<span aria-label="" 1 star "" class=""section-review-stars"" jsan=""7.section-review-stars,0.aria-label,0.role,t-1xcf3_7ROhA"" jstcache=""228"" role=""img""> <span class=""section-review-star section-review-star-active"" jsan=""7.section-review-star,7.section-review-star-active"" jsinstance=""0"" jstcache=""267""></span><span class=""section-review-star"" jsan=""7.section-review-star"" jsinstance=""1"" jstcache=""267""></span><span class=""section-review-star"" jsan=""7.section-review-star"" jsinstance=""2"" jstcache=""267""></span><span class=""section-review-star"" jsan=""7.section-review-star"" jsinstance=""3"" jstcache=""267""></span><span class=""section-review-star"" jsan=""7.section-review-star"" jsinstance=""*4"" jstcache=""267""></span> </span>",https://www.google.com/maps/contrib/106763201238237479966?hl=en-IN,"One of the worst paninis I have ever had in my life. They literally gave me a block of stale bread with two slices of ham and a single mutilated slice of cheese, which they microwaved until the last little drop of moisture was sucked out of it. I highly recommend their paninis if you want to emulate the feeling of almost dying of thirst in the Thar desert, for others I suggest staying away from their terrible paninis and the other equally awful looking food.",a year ago
 Joseph Jayanth ,"<span aria-label="" 2 stars "" class=""section-review-stars"" jsan=""7.section-review-stars,0.aria-label,0.role,t-1xcf3_7ROhA"" jstcache=""228"" role=""img""> <span class=""section-review-star section-review-star-active"" jsan=""7.section-review-star,7.section-review-star-active"" jsinstance=""0"" jstcache=""267""></span><span class=""section-review-star section-review-star-active"" jsan=""7.section-review-star,7.section-review-star-active"" jsinstance=""1"" jstcache=""267""></span><span class=""section-review-star"" jsan=""7.section-review-star"" jsinstance=""2"" jstcache=""267""></span><span class=""section-review-star"" jsan=""7.section-review-star"" jsinstance=""3"" jstcache=""267""></span><span class=""section-review-star"" jsan=""7.section-review-star"" jsinstance=""*4"" jstcache=""267""></span> </span>",https://www.google.com/maps/contrib/106636554120360237171?hl=en-IN,Worst chicken burger I’ve had.,7 months ago
 bali shan ,"<span aria-label="" 3 stars "" class=""section-review-stars"" jsan=""7.section-review-stars,0.aria-label,0.role,t-1xcf3_7ROhA"" jstcache=""228"" role=""img""> <span class=""section-review-star section-review-star-active"" jsan=""7.section-review-star,7.section-review-star-active"" jsinstance=""0"" jstcache=""267""></span><span class=""section-review-star section-review-star-active"" jsan=""7.section-review-star,7.section-review-star-active"" jsinstance=""1"" jstcache=""267""></span><span class=""section-review-star section-review-star-active"" jsan=""7.section-review-star,7.section-review-star-active"" jsinstance=""2"" jstcache=""267""></span><span class=""section-review-star"" jsan=""7.section-review-star"" jsinstance=""3"" jstcache=""267""></span><span class=""section-review-star"" jsan=""7.section-review-star"" jsinstance=""*4"" jstcache=""267""></span> </span>",https://www.google.com/maps/contrib/103034201899894505644?hl=en-IN,Over priced not so tasty food. Bread used in most items is too hard.,2 years ago
 Niraj Sandesara ,"<span aria-label="" 3 stars "" class=""section-review-stars"" jsan=""7.section-review-stars,0.aria-label,0.role,t-1xcf3_7ROhA"" jstcache=""228"" role=""img""> <span class=""section-review-star section-review-star-active"" jsan=""7.section-review-star,7.section-review-star-active"" jsinstance=""0"" jstcache=""267""></span><span class=""section-review-star section-review-star-active"" jsan=""7.section-review-star,7.section-review-star-active"" jsinstance=""1"" jstcache=""267""></span><span class=""section-review-star section-review-star-active"" jsan=""7.section-review-star,7.section-review-star-active"" jsinstance=""2"" jstcache=""267""></span><span class=""section-review-star"" jsan=""7.section-review-star"" jsinstance=""3"" jstcache=""267""></span><span class=""section-review-star"" jsan=""7.section-review-star"" jsinstance=""*4"" jstcache=""267""></span> </span>",https://www.google.com/maps/contrib/108886262095323357787?hl=en-IN,I havent consumed any offering by Urban Fodd but got fee bahs of coffee manure for plants. Nice initiative by Urban Food.,a year ago
 Abhishek Upadhyay ,"<span aria-label="" 4 stars "" class=""section-review-stars"" jsan=""7.section-review-stars,0.aria-label,0.role,t-1xcf3_7ROhA"" jstcache=""228"" role=""img""> <span class=""section-review-star section-review-star-active"" jsan=""7.section-review-star,7.section-review-star-active"" jsinstance=""0"" jstcache=""267""></span><span class=""section-review-star section-review-star-active"" jsan=""7.section-review-star,7.section-review-star-active"" jsinstance=""1"" jstcache=""267""></span><span class=""section-review-star section-review-star-active"" jsan=""7.section-review-star,7.section-review-star-active"" jsinstance=""2"" jstcache=""267""></span><span class=""section-review-star section-review-star-active"" jsan=""7.section-review-star,7.section-review-star-active"" jsinstance=""3"" jstcache=""267""></span><span class=""section-review-star"" jsan=""7.section-review-star"" jsinstance=""*4"" jstcache=""267""></span> </span>",https://www.google.com/maps/contrib/117179143156011098046?hl=en-IN,Food was good but service wasn't.,a year ago
 Alban Daniel ,"<span aria-label="" 2 stars "" class=""section-review-stars"" jsan=""7.section-review-stars,0.aria-label,0.role,t-1xcf3_7ROhA"" jstcache=""228"" role=""img""> <span class=""section-review-star section-review-star-active"" jsan=""7.section-review-star,7.section-review-star-active"" jsinstance=""0"" jstcache=""267""></span><span class=""section-review-star section-review-star-active"" jsan=""7.section-review-star,7.section-review-star-active"" jsinstance=""1"" jstcache=""267""></span><span class=""section-review-star"" jsan=""7.section-review-star"" jsinstance=""2"" jstcache=""267""></span><span class=""section-review-star"" jsan=""7.section-review-star"" jsinstance=""3"" jstcache=""267""></span><span class=""section-review-star"" jsan=""7.section-review-star"" jsinstance=""*4"" jstcache=""267""></span> </span>",https://www.google.com/maps/contrib/108059373763323033330?hl=en-IN,Had Chicken Paneni and the food was bland. I could taste only tomato. Expensive as well. I wouldn’t recommended. Better try the shops near noodle bar.,a year ago
 N Rajendrakumar ,"<span aria-label="" 5 stars "" class=""section-review-stars"" jsan=""7.section-review-stars,0.aria-label,0.role,t-1xcf3_7ROhA"" jstcache=""228"" role=""img""> <span class=""section-review-star section-review-star-active"" jsan=""7.section-review-star,7.section-review-star-active"" jsinstance=""0"" jstcache=""267""></span><span class=""section-review-star section-review-star-active"" jsan=""7.section-review-star,7.section-review-star-active"" jsinstance=""1"" jstcache=""267""></span><span class=""section-review-star section-review-star-active"" jsan=""7.section-review-star,7.section-review-star-active"" jsinstance=""2"" jstcache=""267""></span><span class=""section-review-star section-review-star-active"" jsan=""7.section-review-star,7.section-review-star-active"" jsinstance=""3"" jstcache=""267""></span><span class=""section-review-star section-review-star-active"" jsan=""7.section-review-star,7.section-review-star-active"" jsinstance=""*4"" jstcache=""267""></span> </span>",https://www.google.com/maps/contrib/104522918120625475455?hl=en-IN,Good tea but verry high,a year ago
 aru narayan ,"<span aria-label="" 1 star "" class=""section-review-stars"" jsan=""7.section-review-stars,0.aria-label,0.role,t-1xcf3_7ROhA"" jstcache=""228"" role=""img""> <span class=""section-review-star section-review-star-active"" jsan=""7.section-review-star,7.section-review-star-active"" jsinstance=""0"" jstcache=""267""></span><span class=""section-review-star"" jsan=""7.section-review-star"" jsinstance=""1"" jstcache=""267""></span><span class=""section-review-star"" jsan=""7.section-review-star"" jsinstance=""2"" jstcache=""267""></span><span class=""section-review-star"" jsan=""7.section-review-star"" jsinstance=""3"" jstcache=""267""></span><span class=""section-review-star"" jsan=""7.section-review-star"" jsinstance=""*4"" jstcache=""267""></span> </span>",https://www.google.com/maps/contrib/108586350588054315983?hl=en-IN,The man who takes the order is very rude and very unkind. Hell with the service when you don't care how treat people. 29th Aug 2018 .05 hrs. Not even worth a star....pooor,a year ago
 durjoy ghose ,"<span aria-label="" 3 stars "" class=""section-review-stars"" jsan=""7.section-review-stars,0.aria-label,0.role,t-1xcf3_7ROhA"" jstcache=""228"" role=""img""> <span class=""section-review-star section-review-star-active"" jsan=""7.section-review-star,7.section-review-star-active"" jsinstance=""0"" jstcache=""267""></span><span class=""section-review-star section-review-star-active"" jsan=""7.section-review-star,7.section-review-star-active"" jsinstance=""1"" jstcache=""267""></span><span class=""section-review-star section-review-star-active"" jsan=""7.section-review-star,7.section-review-star-active"" jsinstance=""2"" jstcache=""267""></span><span class=""section-review-star"" jsan=""7.section-review-star"" jsinstance=""3"" jstcache=""267""></span><span class=""section-review-star"" jsan=""7.section-review-star"" jsinstance=""*4"" jstcache=""267""></span> </span>",https://www.google.com/maps/contrib/106964971603056060622?hl=en-IN,For quick bite.,a year ago
 B E SREE HARSHA ,"<span aria-label="" 4 stars "" class=""section-review-stars"" jsan=""7.section-review-stars,0.aria-label,0.role,t-1xcf3_7ROhA"" jstcache=""228"" role=""img""> <span class=""section-review-star section-review-star-active"" jsan=""7.section-review-star,7.section-review-star-active"" jsinstance=""0"" jstcache=""267""></span><span class=""section-review-star section-review-star-active"" jsan=""7.section-review-star,7.section-review-star-active"" jsinstance=""1"" jstcache=""267""></span><span class=""section-review-star section-review-star-active"" jsan=""7.section-review-star,7.section-review-star-active"" jsinstance=""2"" jstcache=""267""></span><span class=""section-review-star section-review-star-active"" jsan=""7.section-review-star,7.section-review-star-active"" jsinstance=""3"" jstcache=""267""></span><span class=""section-review-star"" jsan=""7.section-review-star"" jsinstance=""*4"" jstcache=""267""></span> </span>",https://www.google.com/maps/contrib/102509381581876346643?hl=en-IN,Great taste n ambience,11 months ago
 Bhavesh Dewasi ,"<span aria-label="" 5 stars "" class=""section-review-stars"" jsan=""7.section-review-stars,0.aria-label,0.role,t-1xcf3_7ROhA"" jstcache=""228"" role=""img""> <span class=""section-review-star section-review-star-active"" jsan=""7.section-review-star,7.section-review-star-active"" jsinstance=""0"" jstcache=""267""></span><span class=""section-review-star section-review-star-active"" jsan=""7.section-review-star,7.section-review-star-active"" jsinstance=""1"" jstcache=""267""></span><span class=""section-review-star section-review-star-active"" jsan=""7.section-review-star,7.section-review-star-active"" jsinstance=""2"" jstcache=""267""></span><span class=""section-review-star section-review-star-active"" jsan=""7.section-review-star,7.section-review-star-active"" jsinstance=""3"" jstcache=""267""></span><span class=""section-review-star section-review-star-active"" jsan=""7.section-review-star,7.section-review-star-active"" jsinstance=""*4"" jstcache=""267""></span> </span>",https://www.google.com/maps/contrib/117957572964596652219?hl=en-IN,Good to go.,a year ago
 JUHI SIDDHARTHA ,"<span aria-label="" 5 stars "" class=""section-review-stars"" jsan=""7.section-review-stars,0.aria-label,0.role,t-1xcf3_7ROhA"" jstcache=""228"" role=""img""> <span class=""section-review-star section-review-star-active"" jsan=""7.section-review-star,7.section-review-star-active"" jsinstance=""0"" jstcache=""267""></span><span class=""section-review-star section-review-star-active"" jsan=""7.section-review-star,7.section-review-star-active"" jsinstance=""1"" jstcache=""267""></span><span class=""section-review-star section-review-star-active"" jsan=""7.section-review-star,7.section-review-star-active"" jsinstance=""2"" jstcache=""267""></span><span class=""section-review-star section-review-star-active"" jsan=""7.section-review-star,7.section-review-star-active"" jsinstance=""3"" jstcache=""267""></span><span class=""section-review-star section-review-star-active"" jsan=""7.section-review-star,7.section-review-star-active"" jsinstance=""*4"" jstcache=""267""></span> </span>",https://www.google.com/maps/contrib/108918921240560705538?hl=en-IN,"It made my day!
I had a morning flight, I ordered one panini. While picking up the plate, it fell down. It was totally my mistake, but the staff instantaneously offered me another. I insisted on paying again, but he gave it in free!
Such a nice gesture.
The food amd coffee is worth the money and totally filling.",2 years ago
 Abdul Ahamad ,"<span aria-label="" 3 stars "" class=""section-review-stars"" jsan=""7.section-review-stars,0.aria-label,0.role,t-1xcf3_7ROhA"" jstcache=""228"" role=""img""> <span class=""section-review-star section-review-star-active"" jsan=""7.section-review-star,7.section-review-star-active"" jsinstance=""0"" jstcache=""267""></span><span class=""section-review-star section-review-star-active"" jsan=""7.section-review-star,7.section-review-star-active"" jsinstance=""1"" jstcache=""267""></span><span class=""section-review-star section-review-star-active"" jsan=""7.section-review-star,7.section-review-star-active"" jsinstance=""2"" jstcache=""267""></span><span class=""section-review-star"" jsan=""7.section-review-star"" jsinstance=""3"" jstcache=""267""></span><span class=""section-review-star"" jsan=""7.section-review-star"" jsinstance=""*4"" jstcache=""267""></span> </span>",https://www.google.com/maps/contrib/106697062393760997944?hl=en-IN,food quality is average...,a year ago
 Tausif Chand ,"<span aria-label="" 3 stars "" class=""section-review-stars"" jsan=""7.section-review-stars,0.aria-label,0.role,t-1xcf3_7ROhA"" jstcache=""228"" role=""img""> <span class=""section-review-star section-review-star-active"" jsan=""7.section-review-star,7.section-review-star-active"" jsinstance=""0"" jstcache=""267""></span><span class=""section-review-star section-review-star-active"" jsan=""7.section-review-star,7.section-review-star-active"" jsinstance=""1"" jstcache=""267""></span><span class=""section-review-star section-review-star-active"" jsan=""7.section-review-star,7.section-review-star-active"" jsinstance=""2"" jstcache=""267""></span><span class=""section-review-star"" jsan=""7.section-review-star"" jsinstance=""3"" jstcache=""267""></span><span class=""section-review-star"" jsan=""7.section-review-star"" jsinstance=""*4"" jstcache=""267""></span> </span>",https://www.google.com/maps/contrib/107183528058413848764?hl=en-IN,Not very good. Didn't had anything there.,a year ago
 Ashish P ,"<span aria-label="" 4 stars "" class=""section-review-stars"" jsan=""7.section-review-stars,0.aria-label,0.role,t-1xcf3_7ROhA"" jstcache=""228"" role=""img""> <span class=""section-review-star section-review-star-active"" jsan=""7.section-review-star,7.section-review-star-active"" jsinstance=""0"" jstcache=""267""></span><span class=""section-review-star section-review-star-active"" jsan=""7.section-review-star,7.section-review-star-active"" jsinstance=""1"" jstcache=""267""></span><span class=""section-review-star section-review-star-active"" jsan=""7.section-review-star,7.section-review-star-active"" jsinstance=""2"" jstcache=""267""></span><span class=""section-review-star section-review-star-active"" jsan=""7.section-review-star,7.section-review-star-active"" jsinstance=""3"" jstcache=""267""></span><span class=""section-review-star"" jsan=""7.section-review-star"" jsinstance=""*4"" jstcache=""267""></span> </span>",https://www.google.com/maps/contrib/109795796844936956597?hl=en-IN,Near gate 21.domestic terminal,a year ago
 Aditya Datta ,"<span aria-label="" 3 stars "" class=""section-review-stars"" jsan=""7.section-review-stars,0.aria-label,0.role,t-1xcf3_7ROhA"" jstcache=""228"" role=""img""> <span class=""section-review-star section-review-star-active"" jsan=""7.section-review-star,7.section-review-star-active"" jsinstance=""0"" jstcache=""267""></span><span class=""section-review-star section-review-star-active"" jsan=""7.section-review-star,7.section-review-star-active"" jsinstance=""1"" jstcache=""267""></span><span class=""section-review-star section-review-star-active"" jsan=""7.section-review-star,7.section-review-star-active"" jsinstance=""2"" jstcache=""267""></span><span class=""section-review-star"" jsan=""7.section-review-star"" jsinstance=""3"" jstcache=""267""></span><span class=""section-review-star"" jsan=""7.section-review-star"" jsinstance=""*4"" jstcache=""267""></span> </span>",https://www.google.com/maps/contrib/102283544747830945427?hl=en-IN,"Food could do alot better, and prices are not equivalent to the quality.",a year ago
 Kasi Viswanathan ,"<span aria-label="" 4 stars "" class=""section-review-stars"" jsan=""7.section-review-stars,0.aria-label,0.role,t-1xcf3_7ROhA"" jstcache=""228"" role=""img""> <span class=""section-review-star section-review-star-active"" jsan=""7.section-review-star,7.section-review-star-active"" jsinstance=""0"" jstcache=""267""></span><span class=""section-review-star section-review-star-active"" jsan=""7.section-review-star,7.section-review-star-active"" jsinstance=""1"" jstcache=""267""></span><span class=""section-review-star section-review-star-active"" jsan=""7.section-review-star,7.section-review-star-active"" jsinstance=""2"" jstcache=""267""></span><span class=""section-review-star section-review-star-active"" jsan=""7.section-review-star,7.section-review-star-active"" jsinstance=""3"" jstcache=""267""></span><span class=""section-review-star"" jsan=""7.section-review-star"" jsinstance=""*4"" jstcache=""267""></span> </span>",https://www.google.com/maps/contrib/115564312424967964658?hl=en-IN,The food is very tasty and it looks nice too.,2 years ago
 Sowmya Jagannath ,"<span aria-label="" 1 star "" class=""section-review-stars"" jsan=""7.section-review-stars,0.aria-label,0.role,t-1xcf3_7ROhA"" jstcache=""228"" role=""img""> <span class=""section-review-star section-review-star-active"" jsan=""7.section-review-star,7.section-review-star-active"" jsinstance=""0"" jstcache=""267""></span><span class=""section-review-star"" jsan=""7.section-review-star"" jsinstance=""1"" jstcache=""267""></span><span class=""section-review-star"" jsan=""7.section-review-star"" jsinstance=""2"" jstcache=""267""></span><span class=""section-review-star"" jsan=""7.section-review-star"" jsinstance=""3"" jstcache=""267""></span><span class=""section-review-star"" jsan=""7.section-review-star"" jsinstance=""*4"" jstcache=""267""></span> </span>",https://www.google.com/maps/contrib/100436472157816107344?hl=en-IN,"Horrible experience....I wish there was an option on 0 rating, the guy manning the counter does not know how to talk to the customer and to top it when I am asking for the bill he is insisting on paying him first and then he would give me …",2 years ago
 giri mallela ,"<span aria-label="" 2 stars "" class=""section-review-stars"" jsan=""7.section-review-stars,0.aria-label,0.role,t-1xcf3_7ROhA"" jstcache=""228"" role=""img""> <span class=""section-review-star section-review-star-active"" jsan=""7.section-review-star,7.section-review-star-active"" jsinstance=""0"" jstcache=""267""></span><span class=""section-review-star section-review-star-active"" jsan=""7.section-review-star,7.section-review-star-active"" jsinstance=""1"" jstcache=""267""></span><span class=""section-review-star"" jsan=""7.section-review-star"" jsinstance=""2"" jstcache=""267""></span><span class=""section-review-star"" jsan=""7.section-review-star"" jsinstance=""3"" jstcache=""267""></span><span class=""section-review-star"" jsan=""7.section-review-star"" jsinstance=""*4"" jstcache=""267""></span> </span>",https://www.google.com/maps/contrib/115155393464800061199?hl=en-IN,"High priceses combo BF costs 500, taste was nt upto mark. Waste for money.
Fully crowded, and service was bit late",2 years ago
 Jaideep Desai ,"<span aria-label="" 1 star "" class=""section-review-stars"" jsan=""7.section-review-stars,0.aria-label,0.role,t-1xcf3_7ROhA"" jstcache=""228"" role=""img""> <span class=""section-review-star section-review-star-active"" jsan=""7.section-review-star,7.section-review-star-active"" jsinstance=""0"" jstcache=""267""></span><span class=""section-review-star"" jsan=""7.section-review-star"" jsinstance=""1"" jstcache=""267""></span><span class=""section-review-star"" jsan=""7.section-review-star"" jsinstance=""2"" jstcache=""267""></span><span class=""section-review-star"" jsan=""7.section-review-star"" jsinstance=""3"" jstcache=""267""></span><span class=""section-review-star"" jsan=""7.section-review-star"" jsinstance=""*4"" jstcache=""267""></span> </span>",https://www.google.com/maps/contrib/103325071309759977109?hl=en-IN,"Had ""hot"" chocolate which was pathetic and cold. Chocolate muffin was also not upto standard.  Avoid it and better go upstairs and have fresh food. ",3 years ago
 Jagan John ,"<span aria-label="" 5 stars "" class=""section-review-stars"" jsan=""7.section-review-stars,0.aria-label,0.role,t-1xcf3_7ROhA"" jstcache=""228"" role=""img""> <span class=""section-review-star section-review-star-active"" jsan=""7.section-review-star,7.section-review-star-active"" jsinstance=""0"" jstcache=""267""></span><span class=""section-review-star section-review-star-active"" jsan=""7.section-review-star,7.section-review-star-active"" jsinstance=""1"" jstcache=""267""></span><span class=""section-review-star section-review-star-active"" jsan=""7.section-review-star,7.section-review-star-active"" jsinstance=""2"" jstcache=""267""></span><span class=""section-review-star section-review-star-active"" jsan=""7.section-review-star,7.section-review-star-active"" jsinstance=""3"" jstcache=""267""></span><span class=""section-review-star section-review-star-active"" jsan=""7.section-review-star,7.section-review-star-active"" jsinstance=""*4"" jstcache=""267""></span> </span>",https://www.google.com/maps/contrib/102527834330440240910?hl=en-IN,Nice,a year ago
 Devendra Shetty ,"<span aria-label="" 1 star "" class=""section-review-stars"" jsan=""7.section-review-stars,0.aria-label,0.role,t-1xcf3_7ROhA"" jstcache=""228"" role=""img""> <span class=""section-review-star section-review-star-active"" jsan=""7.section-review-star,7.section-review-star-active"" jsinstance=""0"" jstcache=""267""></span><span class=""section-review-star"" jsan=""7.section-review-star"" jsinstance=""1"" jstcache=""267""></span><span class=""section-review-star"" jsan=""7.section-review-star"" jsinstance=""2"" jstcache=""267""></span><span class=""section-review-star"" jsan=""7.section-review-star"" jsinstance=""3"" jstcache=""267""></span><span class=""section-review-star"" jsan=""7.section-review-star"" jsinstance=""*4"" jstcache=""267""></span> </span>",https://www.google.com/maps/contrib/101667344134965760282?hl=en-IN,I was enrout home and had an evening flight . Travelling with my family we decided to have some light food . But the food was stale & tasteless . High cost with added taxes makes one regret buying anything​ from here . Food is cold even …,3 years ago
 Abhinav ,"<span aria-label="" 1 star "" class=""section-review-stars"" jsan=""7.section-review-stars,0.aria-label,0.role,t-1xcf3_7ROhA"" jstcache=""228"" role=""img""> <span class=""section-review-star section-review-star-active"" jsan=""7.section-review-star,7.section-review-star-active"" jsinstance=""0"" jstcache=""267""></span><span class=""section-review-star"" jsan=""7.section-review-star"" jsinstance=""1"" jstcache=""267""></span><span class=""section-review-star"" jsan=""7.section-review-star"" jsinstance=""2"" jstcache=""267""></span><span class=""section-review-star"" jsan=""7.section-review-star"" jsinstance=""3"" jstcache=""267""></span><span class=""section-review-star"" jsan=""7.section-review-star"" jsinstance=""*4"" jstcache=""267""></span> </span>",https://www.google.com/maps/contrib/113812953810342018026?hl=en-IN,Bought a kinley water bottle worth ₹40 - order no 551970 near gate no.5 I gave ₹50 and the person at cash counter was rude and cunning  that he returned a mutilated ₹10 note by wrapping that within the bill. I asked him the change that with …,3 years ago
 Ratna Kumar K ,"<span aria-label="" 3 stars "" class=""section-review-stars"" jsan=""7.section-review-stars,0.aria-label,0.role,t-1xcf3_7ROhA"" jstcache=""228"" role=""img""> <span class=""section-review-star section-review-star-active"" jsan=""7.section-review-star,7.section-review-star-active"" jsinstance=""0"" jstcache=""267""></span><span class=""section-review-star section-review-star-active"" jsan=""7.section-review-star,7.section-review-star-active"" jsinstance=""1"" jstcache=""267""></span><span class=""section-review-star section-review-star-active"" jsan=""7.section-review-star,7.section-review-star-active"" jsinstance=""2"" jstcache=""267""></span><span class=""section-review-star"" jsan=""7.section-review-star"" jsinstance=""3"" jstcache=""267""></span><span class=""section-review-star"" jsan=""7.section-review-star"" jsinstance=""*4"" jstcache=""267""></span> </span>",https://www.google.com/maps/contrib/100002512255314126502?hl=en-IN,Food is okay. Not so  great and tasty.,2 years ago
